en,fr,it,de,es,ko,kana
Absol,Vilearcane,Absol,Absol,Absol,앱솔,アブソル
Absol,Absol,Absol,Absol,Absol,앱솔,アブソル
Limaspeed,Limaspeed,Accelgor,Hydragil,Accelgor,어지리더,アギルダー
Exagide,Exagide,Aegislash,Durengard,Aegislash,킬가르도,ギルガルド
Exagide,Exagide,Aegislash,Durengard,Aegislash,킬가르도,ギルガルド
Exagide,Exagide,Aegislash,Durengard,Aegislash,킬가르도,ギルガルド
Galeking,Galeking,Aggron,Stolloss,Aggron,보스로라,ボスゴドラ
Galeking,Galeking,Aggron,Stolloss,Aggron,보스로라,ボスゴドラ
Agluant,Agluant,Agluant,Felino,Agluant,우파,ウパー
Aimantpeine,Aimantpeine,Aimantpeine,Magnetilo,Aimantpeine,코일,コイル
Mamanbo,Mamanbo,Alomomola,Mamolida,Alomomola,맘복치,ママンボウ
Alpingouin,Alpingouin,Alpingouin,Firnontor,Alpingouin,얼음귀신,オニゴーリ
Alpingouin,Alpingouin,Alpingouin,Firnontor,Alpingouin,얼음귀신,オニゴーリ
Altaria,Altaria,Altaria,Altaria,Altaria,파비코리,チルタリス
Altaria,Altaria,Altaria,Altaria,Altaria,파비코리,チルタリス
Alvouille,Alvouille,Alvouille,Flegmon,Alvouille,야돈,ヤドン
Amagara,Amagara,Amaura,Amarino,Amaura,아마루스,アマルス
Capidextre,Capidextre,Ambipom,Ambidiffel,Ambipom,겟핸보숭,エテボース
Gaulet,Gaulet,Amoonguss,Hutsassa,Amoonguss,뽀록나,モロバレル
Amplam,Amplam,Amplam,Glurak,Amplam,리자몽,リザードン
Amplam,Amplam,Amplam,Glurak,Amplam,리자몽,リザードン
Amplam,Amplam,Amplam,Glurak,Amplam,리자몽,リザードン
Amprise,Amprise,Amprise,Amprise,Amprise,피카츄,ピカチュウ
Annihilaceps,Annihilaceps,Annihilaceps,Gallopa,Annihilaceps,날쌩마,ギャロップ
Aquali,Aquali,Aquali,Glaziola,Aquali,글레이시아,グレイシア
Arcanuy,Arcanguy,Arcanguy,Jugong,Arcanguy,쥬레곤,ジュゴン
Arceus,Arceus,Arceus,Arceus,Arceus,아르세우스,アルセウス
Arceus,Arceus,Arceus,Arceus,Arceus,아르세우스,アルセウス
Arceus,Arceus,Arceus,Arceus,Arceus,아르세우스,アルセウス
Arceus,Arceus,Arceus,Arceus,Arceus,아르세우스,アルセウス
Arceus,Arceus,Arceus,Arceus,Arceus,아르세우스,アルセウス
Arceus,Arceus,Arceus,Arceus,Arceus,아르세우스,アルセウス
Arceus,Arceus,Arceus,Arceus,Arceus,아르세우스,アルセウス
Arceus,Arceus,Arceus,Arceus,Arceus,아르세우스,アルセウス
Arceus,Arceus,Arceus,Arceus,Arceus,아르세우스,アルセウス
Arceus,Arceus,Arceus,Arceus,Arceus,아르세우스,アルセウス
Arceus,Arceus,Arceus,Arceus,Arceus,아르세우스,アルセウス
Arceus,Arceus,Arceus,Arceus,Arceus,아르세우스,アルセウス
Arceus,Arceus,Arceus,Arceus,Arceus,아르세우스,アルセウス
Arceus,Arceus,Arceus,Arceus,Arceus,아르세우스,アルセウス
Arceus,Arceus,Arceus,Arceus,Arceus,아르세우스,アルセウス
Arceus,Arceus,Arceus,Arceus,Arceus,아르세우스,アルセウス
Arceus,Arceus,Arceus,Arceus,Arceus,아르세우스,アルセウス
Arceus,Arceus,Arceus,Arceus,Arceus,아르세우스,アルセウス
Archebizard,Archeblizard,Archeblezard,Trikephalo,Archeblezard,삼삼드래,サザンドラ
Arkéapti,Arkéapti,Archen,Flapteryx,Archen,아켄,アーケン
Aéroptéryx,Aéroptéryx,Archeops,Aeropteryx,Archeops,아케오스,アーケオス
Argili,Argili,Argili,Castellith,Argili,암팰리스,イワパレス
Armurmage,Armurmage,Armumage,Armumage,Armumage,동탁군,ドータクン
Galekid,Galekid,Aron,Stollunior,Aron,가보리,ココドラ
Nanméouïe,Nanméouïe,Audino,Ohrdoch,Audino,다부니,タブンネ
Nanméouïe,Nanméouïe,Audino,Ohrdoch,Audino,다부니,タブンネ
Dragmara,Dragmara,Aurorus,Amagarga,Aurorus,아마루르가,アマルルガ
Séracrawl,Séracrawl,Avalugg,Arktilas,Avalugg,크레베이스,クレベース
Coupenotte,coupenotte,Axew,Milza,Axew,터검니,キバゴ
Créfadet,Créfadet,Azelf,Tobutz,Azelf,아그놈,アグノム
Azurill,Azurill,Azurill,Azurill,Azurill,루리리,ルリリ
Bagicien,Bagicien,Bagicien,Enton,Bagicien,고라파덕,コダック
Draby,Draby,Bagon,Kindwurm,Bagon,아공이,タツベイ
Balcox,Baltox,Baltox,Duflor,Baltox,냄새꼬,クサイハナ
Balbuto,Balbuto,Baltoy,Puppance,Baltoy,오뚝군,ヤジロン
Branette,Branette,Banette,Banette,Banette,다크펫,ジュペッタ
Branette,Branette,Banette,Banette,Banette,다크펫,ジュペッタ
Bapple,Bapple,Bapple,Kangama,Bapple,캥카,ガルーラ
Bapple,Bapple,Bapple,Kangama,Bapple,캥카,ガルーラ
Bapple,Bapple,Bapple,Kangama,Bapple,캥카,ガルーラ
Barbagneau,Barbagneau,Barbagneau,Flauschling,Barbagneau,나룸퍼프,ペロッパフ
Golgopathe,Golgopathe,Barbaracle,Thanathora,Barbaracle,거북손데스,ガメノデス
Barloche,Barloche,Barboach,Schmerbe,Barboach,미꾸리,ドジョッチ
Bargantua,Bargantua,Basculin,Barschuft,Basculin,배쓰나이,バスラオ
Bargantua,Bargantua,Basculin,Barschuft,Basculin,배쓰나이,バスラオ
Bastiodon,Bastiodon,Bastiodon,Bollterus,Bastiodon,바리톱스,トリデプス
Polagriffe,Polagriffe,Beartic,Siberio,Beartic,툰베어,ツンベアー
Charmillon,Charmillon,Beautifly,Papinella,Beautifly,뷰티플라이,アゲハント
Neitram,Neitram,Beheeyem,Megalon,Beheeyem,벰크,オーベム
Terhal,Terhal,Beldum,Tanhel,Beldum,메탕,ダンバル
Berchiot,Berchiot,Berchiot,Wiesor,Berchiot,꼬리선,オタチ
Grelaçon,Grelaçon,Bergmite,Arktip,Bergmite,꽁어름,カチコール
Berwouf,Berwouf,Berwouf,Wiesenior,Berwouf,다꼬리,オオタチ
Chelours,Chelours,Bewear,Kosturso,Bewear,이븐곰,キテルグマ
Castorno,Castorno,Bibarel,Bidifas,Bibarel,비버통,ビーダル
Keunotor,Keunotor,Bidoof,Bidiza,Bidoof,비버니,ビッパ
Opermine,Opermine,Binacle,Bithora,Binacle,거북손손,カメテテ
Scalproie,Scalproie,Bisharp,Caesurio,Bisharp,절각참,キリキザン
Biyip,Biyip,Biyip,Tornupto,Biyip,블레이범,バクフーン
Braségali,Braségali,Blaziken,Lohgock,Blaziken,번치코,バシャーモ
Braségali,Braségali,Blaziken,Lohgock,Blaziken,번치코,バシャーモ
Braségali,Braségali,Blaziken,Lohgock,Blaziken,번치코,バシャーモ
Braségali,Braségali,Blaziken,Lohgock,Blaziken,번치코,バシャーモ
Braségali,Braségali,Blaziken,Lohgock,Blaziken,번치코,バシャーモ
Braségali,Braségali,Blaziken,Lohgock,Blaziken,번치코,バシャーモ
Braségali,Braségali,Blaziken,Lohgock,Blaziken,번치코,バシャーモ
Braségali,Braségali,Blaziken,Lohgock,Blaziken,번치코,バシャーモ
Braségali,Braségali,Blaziken,Lohgock,Blaziken,번치코,バシャーモ
Braségali,Braségali,Blaziken,Lohgock,Blaziken,번치코,バシャーモ
Blezard,Blezard,Blezard,Kapuno,Blezard,모노두,モノズ
Leuphorie,Leuphorie,Blissey,Heiteira,Blissey,해피너스,ハピナス
Zébibron,Zébibron,Blitzle,Elezeba,Blitzle,줄뮤마,シママ
Blocharj,Blocharj,Blocharj,Lektrobal,Blocharj,붐볼,マルマイン
Manzaï,Manzaï,Bonsly,Mobai,Bonsly,꼬지지,ウソハチ
Boufféleon,Boufféleon,Bouffeleon,Magnayen,Bouffeleon,그라에나,グラエナ
Croquine,Croquine,Bounsweet,Frubberl,Bounsweet,달콤아,アマカジ
Bourgea,Bourgea,Bourgea,Owei,Bourgea,아라리,タマタマ
Bourgea,Bourgea,Bourgea,Owei,Bourgea,아라리,タマタマ
Bourgea,Bourgea,Bourgea,Owei,Bourgea,아라리,タマタマ
Bouri,Bouriz,Bouri,Smogon,Bouri,또가스,ドガース
Brachyubra,Brachyubra,Brachyubra,Voluminas,Brachyubra,대코파스,ダイノーズ
Roussil,Roussil,Braixen,Rutena,Braixen,테르나,テールナー
Gueriaigle,Gueriaigle,Braviary,Washakwil,Braviary,워글,ウォーグル
Otarlette,Otarlette,Brionne,Marikeck,Brionne,키요공,オシャマリ
Heritarmur,Héritarmur,Bronzor,Bronzel,Bronzor,동미러,ドーミラー
Brulotin,Brulotin,Brulotin,Feurigel,Brulotin,브케인,ヒノアラシ
Denticrisse,Denticrisse,Bruxish,Knirfish,Bruxish,치갈기,ハギギシリ
Rozbouton,Rozbouton,Budew,Knospi,Budew,꼬몽울,スボミー
Buisorna,Buisorna,Buisorna,Igamaro,Buisorna,도치마론,ハリマロン
Mustébouée,Mustébouée,Buizel,Bamelin,Buizel,브이젤,ブイゼル
Laporeille,Laporeille,Buneary,Haspiror,Buneary,이어롤,ミミロル
Sapereau,Sapereau,Bunnelby,Scoppel,Bunnelby,파르빗,ホルビー
Cheniti,Cheniti,Burmy,Burmy,Burmy,도롱충이,ミノムッチ
Cheniti,Cheniti,Burmy,Burmy,Burmy,도롱충이,ミノムッチ
Cheniti,Cheniti,Burmy,Burmy,Burmy,도롱충이,ミノムッチ
Cheniti,Cheniti,Burmy,Burmy,Burmy,도롱충이,ミノムッチ
Mouscoto,Mouscoto,Buzzwole,Masskito,Buzzwole,매시붕,マッシブーン
Cadavlaqué,Cadavlaqué,Cadavlaque,Rettan,Cadavlaque,아보,アーボ
Camérupt,Camérupt,Camerupt,Camerupt,Camerupt,폭타,バクーダ
Camérupt,Camérupt,Camerupt,Camerupt,Camerupt,폭타,バクーダ
Camérupt,Camérupt,Camerupt,Camerupt,Camerupt,폭타,バクーダ
Caracamor,Caracamor,Caracamor,Tragosso,Caracamor,탕구리,カラカラ
Caracamor,Caracamor,Caracamor,Tragosso,Caracamor,탕구리,カラカラ
Strassie,Strassie,Carbink,Rocara,Carbink,멜리시,メレシー
Carcapik,Carcapik,Carcapik,Machollo,Carcapik,알통몬,ワンリキー
Mégapagos,Mégapagos,Carracosta,Karippas,Carracosta,늑골라,アバゴーラ
Dissibier,Dissibier,Carroflame,Carroflame,Carroflame,식스테일,ロコン
Dissibier,Dissibier,Carroflame,Carroflame,Carroflame,식스테일,ロコン
Carvanha,Carvanha,Carvanha,Kanivanha,Carvanha,샤프니아,キバニア
Blindalys,Blindalys,Cascoon,Panekon,Cascoon,카스쿤,マユルド
Casko,Casko,Casko,Sandan,Casko,모래두지,サンド
Casko,Casko,Casko,Sandan,Casko,모래두지,サンド
Casko,Casko,Casko,Sandan,Casko,모래두지,サンド
Morphéo,Morphéo,Castform,Formeo,Castform,캐스퐁,ポワルン
Morphéo,Morphéo,Castform,Formeo,Castform,캐스퐁,ポワルン
Morphéo,Morphéo,Castform,Formeo,Castform,캐스퐁,ポワルン
Morphéo,Morphéo,Castform,Formeo,Castform,캐스퐁,ポワルン
Celebi,Celebi,Celebi,Celebi,Celebi,세레비,セレビィ
Bamboiselle,Bamboiselle,Celesteela,Kaguron,Celesteela,철화구야,テッカグヤ
Cetallery,Cetallery,Cetallery,Dummisel,Cetallery,노고치,ノコッチ
Champlosion,Champlosion,Champlosion,Molunk,Champlosion,야도뇽,ヤトウモリ
Lugulabre,Lugulabre,Chandelure,Skelpeion,Chandelure,샹델라,シャンデラ
Chapodile,Chapodile,Chapodile,Griffel,Chapodile,에이팜,エイパム
Chrysapile,Chrysapile,Charjabug,Akkup,Charjabug,전지충이,デンヂムシ
Chârme,Chârme,Charme,Zwirrfinst,Charme,야느와르몽,ヨノワール
Pijako,Pijako,Chatot,Plaudagei,Chatot,페라페,ペラップ
Ceriflor,Ceriflor,Cherrim,Kinoso,Cherrim,체리꼬,チェリム
Ceriflor,Ceriflor,Cherrim,Kinoso,Cherrim,체리꼬,チェリム
Ceriflor,Ceriflor,Cherrim,Kinoso,Cherrim,체리꼬,チェリム
Ceribou,Ceribou,Cherubi,Kikugi,Cherubi,체리버,チェリンボ
Ouisticram,Ouisticram,Chimchar,Panflam,Chimchar,불꽃숭이,ヒコザル
Éoko,Éoko,Chimecho,Palimpalim,Chimecho,치렁,チリーン
Korillon,Korillon,Chingling,Klingplim,Chingling,랑딸랑,リーシャン
Chlorofyte,Chlorofyte,Chlorofyte,Bisasam,Chlorofyte,이상해씨,フシギダネ
Chloropas,Chloropas,Chloropas,Bisaknosp,Chloropas,이상해풀,フシギソウ
Chloroqueen,Chloroqueen,Chloroqueen,Bisaflor,Chloroqueen,이상해꽃,フシギバナ
Chloroqueen,Chloroqueen,Chloroqueen,Bisaflor,Chloroqueen,이상해꽃,フシギバナ
Chloroqueen,Chloroqueen,Chloroqueen,Bisaflor,Chloroqueen,이상해꽃,フシギバナ
Chloroqueen,Chloroqueen,Chloroqueen,Bisaflor,Chloroqueen,이상해꽃,フシギバナ
Chtuage,Cthuage,Chtuage,Chtuage,Chtuage,니드킹,ニドキング
Cirampant,Cirampant,Cirampant,Lichtel,Cirampant,불켜미,ヒトモシ
Cireano,Cireano,Cireano,Laternecto,Cireano,램프라,ランプラー
Coquiperl,Coquiperl,Clamperl,Perlu,Clamperl,진주몽,パールル
Flingouste,Flingouste,Clauncher,Scampisto,Clauncher,완철포,ウデッポウ
Gamblast,Gamblast,Clawitzer,Wummer,Clawitzer,블로스터,ブロスター
Kaorine,Kaorine,Claydol,Lepumentas,Claydol,점토도리,ネンドール
Cobaltium,Cobaltium,Cobalion,Kobalium,Cobalion,코바르온,コバルオン
Cocortue,Cocortue,Cocortue,Sterndu,Cocortue,별가사리,ヒトデマン
Colaero,Colaero,Colaero,Kokuna,Colaero,딱충이,コクーン
Coléopierre,Coléopierre,Coleopierre,Sedimantur,Coleopierre,암트르,ガントル
Apitrini,Apitrini,Combee,Wadribie,Combee,세꿀버리,ミツハニー
Galifeu,Galifeu,Combusken,Jungglut,Combusken,영치코,ワカシャモ
Guérilande,Guérilande,Comfey,Curelei,Comfey,큐아링,キュワワー
Comglas,Comglas,Comglas,Comglas,Comglas,네이티오,ネイティオ
Conqueriz,Conquerizz,Conqueriz,Schlurp,Conqueriz,내루미,ベロリンガ
Cora,Cora,Cora,Brigaron,Cora,브리가론,ブリガロン
Coraprenti,Coraprenti,Coraprenti,Karpador,Coraprenti,잉어킹,コイキング
Corozaure,Corozaure,Corauzaure,Turtok,Corauzaure,거북왕,カメックス
Corozaure,Corozaure,Corauzaure,Turtok,Corauzaure,거북왕,カメックス
Cornera,Cornera,Cornera,Igastarnish,Cornera,도치보구,ハリボーグ
Corofessor,Corofessor,Corofessor,Garados,Corofessor,갸라도스,ギャラドス
Écrapince,Écrapince,Corphish,Krebscorps,Corphish,가재군,ヘイガニ
Maskolar,Maskolar,Cosmoem,Cosmovum,Cosmoem,코스모움,コスモウム
Satun,Satun,Cosmog,Cosmog,Cosmog,코스모그,コスモッグ
Doudouvet,Doudouvet,Cottonee,Waumboll,Cottonee,소미안,モンメン
Crabato,Crabato,Crabato,Crabato,Crabato,킹크랩,キングラー
Crabominable,Crabominable,Crabominable,Krawell,Crabominable,모단단게,ケケンカニ
Crabouée,Crabouée,Crabouee,Crabouee,Crabouee,크랩,クラブ
Crabagarre,Crabagarre,Crpeionwler,Krabbox,Crpeionwler,오기지게,マケンカニ
Vacilys,Vacilys,Cradily,Wielie,Cradily,릴리요,ユレイドル
Kranidos,Kranidos,Cranidos,Koknodon,Cranidos,두개도스,ズガイドス
Colhomard,Colhomard,Crawdaunt,Krebutack,Crawdaunt,가재장군,シザリガー
Cremapin,Cremapin,Cremapin,Vulnona,Cremapin,나인테일,キュウコン
Cremapin,Cremapin,Cremapin,Vulnona,Cremapin,나인테일,キュウコン
Cresselia,Cresselia,Cresselia,Cresselia,Cresselia,크레세리아,クレセリア
Criquage,Mimue,Criquage,Safcon,Criquage,단데기,トランセル
Cradopaud,Cradopaud,Croagunk,Glibunkel,Croagunk,삐딱구리,グレッグル
Poissirène,Crobol,Goldeen,Goldini,Goldeen,콘치,トサキント
Cromagla,Cromagla,Cromagla,Quiekel,Cromagla,꾸꾸리,ウリムー
Crabagarre,Crabagarre,Crpeionwler,Krabbox,Crpeionwler,오기지게,マケンカニ
Hexagel,Hexagel,Cryogonal,Frigometri,Cryogonal,프리지오,フリージオ
Polarhume,Polarhume,Cubchoo,Petznief,Cubchoo,코고미,クマシュン
Bombydou,Bombydou,Cutiefly,Wommel,Cutiefly,에블리,アブリー
Darkrai,Darkrai,Darkrai,Darkrai,Darkrai,다크라이,ダークライ
Darumacho,Darumacho,Darmanitan,Flampivian,Darmanitan,불비달마,ヒヒダルマ
Darumacho,Darumacho,Darmanitan,Flampivian,Darmanitan,불비달마,ヒヒダルマ
Darumacho,Darumacho,Darmanitan,Flampivian,Darmanitan,불비달마,ヒヒダルマ
Efflèche,Efflèche,Dartrix,Arboretoss,Dartrix,빼미스로우,フクスロー
Darumarond,Darumarond,Darumaka,Flampion,Darumaka,달막화,ダルマッカ
Archéduc,Archéduc,Decidueye,Silvarro,Decidueye,모크나이퍼,ジュナイパー
Dedenne,Dedenne,Dedenne,Dedenne,Dedenne,데덴네,デデンネ
Vivaldaim,Vivaldaim,Deerling,Sesokitz,Deerling,사철록,シキジカ
Vivaldaim,Vivaldaim,Deerling,Sesokitz,Deerling,사철록,シキジカ
Vivaldaim,Vivaldaim,Deerling,Sesokitz,Deerling,사철록,シキジカ
Vivaldaim,Vivaldaim,Deerling,Sesokitz,Deerling,사철록,シキジカ
Delcatty,Delcatty,Delcatty,Enekoro,Delcatty,델케티,エネコロロ
Cadoizo,Cadoizo,Delibird,Botogel,Delibird,딜리버드,デリバード
Goupelin,Goupelin,Delphox,Fennexis,Delphox,마폭시,マフォクシー
Demolien,Demolien,Demolien,Digdri,Demolien,닥트리오,ダグトリオ
Demolien,Demolien,Demolien,Digdri,Demolien,닥트리오,ダグトリオ
Dention,Dention,Dention,Kokowei,Dention,나시,ナッシー
Dention,Dention,Dention,Kokowei,Dention,나시,ナッシー
Deoxys,Deoxys,Deoxys,Deoxys,Deoxys,테오키스,デオキシス
Deoxys,Deoxys,Deoxys,Deoxys,Deoxys,테오키스,デオキシス
Deoxys,Deoxys,Deoxys,Deoxys,Deoxys,테오키스,デオキシス
Deoxys,Deoxys,Deoxys,Deoxys,Deoxys,테오키스,デオキシス
Deoxys,Deoxys,Deoxys,Deoxys,Deoxys,테오키스,デオキシス
Deoxys,Deoxys,Deoxys,Deoxys,Deoxys,테오키스,デオキシス
Deoxys,Deoxys,Deoxys,Deoxys,Deoxys,테오키스,デオキシス
Deoxys,Deoxys,Deoxys,Deoxys,Deoxys,테오키스,デオキシス
Deoxys,Deoxys,Deoxys,Deoxys,Deoxys,테오키스,デオキシス
Détoceps,Détoceps,Detoceps,Ponita,Detoceps,포니타,ポニータ
Mateloutre,Mateloutre,Dewott,Zwottronin,Dewott,쌍검자비,フタチマル
Araqua,Araqua,Dewpider,Araqua,Dewpider,물거미,シズクモ
Araqua,Araqua,Dewpider,Araqua,Dewpider,물거미,シズクモ
Sinistrail,Sinistrail,Dhelmise,Moruda,Dhelmise,타타륜,ダダリン
Diablûre,Diablûre,Diablure,Igelavar,Diablure,마그케인,マグマラシ
Dialga,Dialga,Dialga,Dialga,Dialga,디아루가,ディアルガ
Diancie,Diancie,Diancie,Diancie,Diancie,디안시,ディアンシー
Diancie,Diancie,Diancie,Diancie,Diancie,디안시,ディアンシー
Excavarenne,Excavarenne,Diggersby,Grebbit,Diggersby,파르토,ホルード
Donphan,Donphan,Donphan,Donphan,Donphan,코리갑,ドンファン
Dozero,Dozero,Dozero,Pumpdjinn,Dozero,펌킨인,パンプジン
Dracorpion,Dracorpion,Dracorpion,Dracorpion,Dracorpion,비브라바,ビブラーバ
Kravarech,Kravarech,Dragalge,Tandrak,Dragalge,드래캄,ドラミドロ
Dragougoux,Dragougoux,Dragougoux,Arkani,Dragougoux,윈디,ウインディ
Draïeul,Draïeul,Drampa,Sen-Long,Drampa,할비롱,ジジーロン
Drascore,Drascore,Drapion,Piondragi,Drapion,드래피온,ドラピオン
Grodrive,Grodrive,Drifblim,Drifzepeli,Drifblim,둥실라이드,フワライド
Baudrive,Baudrive,Drifloon,Driftlon,Drifloon,흔들풍손,フワンテ
Rototaupe,Rototaupe,Drilbur,Rotomurf,Drilbur,두더류,モグリュー
Rototaupe,Rototaupe,Drilbur,Rotomurf,Drilbur,두더류,モグリュー
Drono,Drono,Drono,Klikk,Drono,기어르,ギアル
Drakkarmin,Drakkarmin,Druddigon,Shardrago,Druddigon,크리만,クリムガン
Dryatyr,Dryatyr,Dryatyr,Morbitesse,Dryatyr,고디모아젤,ゴチルゼル
Couaneton,Couaneton,Ducklett,Piccolente,Ducklett,꼬지보리,コアルヒー
Méios,Méios,Duosion,Mitodos,Duosion,듀란,ダブラン
Téraclope,Téraclope,Dusclops,Zwirrklop,Dusclops,미라몽,サマヨール
Skelénox,Skelénox,Duskull,Zwirrlicht,Duskull,해골몽,ヨマワル
Papinox,Papinox,Dustox,Pudox,Dustox,독케일,ドクケイル
Echancarbon ,Echancarbon ,Echancarbon,Sleima,Echancarbon,질퍽이,ベトベター
Echancarbon ,Echancarbon ,Echancarbon,Sleima,Echancarbon,질퍽이,ベトベター
Eclamas,Eclamas,Eclamas,Gelatroppo,Eclamas,바닐리치,バニリッチ
Lampéroie,Lampéroie,Eelektrik,Zapplalek,Eelektrik,저리릴,シビビール
Ohmassacre,Ohmassacre,Eelektross,Zapplarang,Eelektross,저리더프,シビルドン
Egicrok,Egicroc,Egicroc,Egicroc,Egicroc,데기라스,サナギラス
Élekable,Élekable,Electivire,Elevoltek,Electivire,에레키블,エレキブル
Élekid,Élekid,Elekid,Elekid,Elekid,에레키드,エレキッド
Lewsor,Lewsor,Elgyem,Pygraulon,Elgyem,리그레,リグレー
Roitiflam,Roitiflam,Emboar,Flambirex,Emboar,염무왕,エンブオー
evo Guétapant ?,Embusbag,Embusbag,Embusbag,Embusbag,골뱃,ゴルバット
Emeunimeux,Emeunimeux,Emeunimeu,Dodu,Emeunimeu,두두,ドードー
Emolga,Emolga,Emolga,Emolga,Emolga,에몽가,エモンガ
Pingoléon,Pingoléon,Empoleon,Impoleon,Empoleon,엠페르트,エンペルト
Errancton,Errancton,Errancton,Quaputzi,Errancton,슈륙챙이,ニョロゾ
Lançargot,Lançargot,Escavalier,Cavalanzas,Escavalier,슈바르고,シュバルゴ
Psystigri,Psystigri,Espurr,Psiau,Espurr,냐스퍼,ニャスパー
Etemanta,Etémanta,Etemanta,Etemanta,Etemanta,앤테이,エンテイ
Minotaupe,Minotaupe,Excadrill,Stalobor,Excadrill,몰드류,ドリュウズ
Brouhabam,Brouhabam,Exploud,Krawumms,Exploud,폭음룡,バクオング
Fauchtik,Fauchtik,Fauchtik,Fauchtik,Fauchtik,아말도,アーマルド
Barpau,Barpau,Feebas,Barschwa,Feebas,빈티나,ヒンバス
Feunnec,Feunnec,Fennekin,Fynx,Fennekin,푸호꼬,フォッコ
Grindur,Grindur,Ferroseed,Kastadur,Ferroseed,철시드,テッシード
Noacier,Noacier,Ferrothorn,Tentantel,Ferrothorn,너트령,ナットレイ
Feuillon,Fourpaud,Feuillon,Frizelbliz,Feuillon,썬더라이,ラクライ
Écayon,Écayon,Finneon,Finneon,Finneon,형광어,ケイコウオ
Fioloxik,Fioloxik,Fioloxik,Sleimok,Fioloxik,질뻐기,ベトベトン
Fioloxik,Fioloxik,Fioloxik,Sleimok,Fioloxik,질뻐기,ベトベトン
Flabébé,Flabébé,Flabébé,Flabébé,Flabébé,플라베베,フラベベ
Flabébé,Flabébé,Flabébé,Flabébé,Flabébé,플라베베,フラベベ
Flabébé,Flabébé,Flabébé,Flabébé,Flabébé,플라베베,フラベベ
Flabébé,Flabébé,Flabébé,Flabébé,Flabébé,플라베베,フラベベ
Flabébé,Flabébé,Flabébé,Flabébé,Flabébé,플라베베,フラベベ
Flâme,Flâme,Flame,Lampi,Flame,초라기,チョンチー
Braisillon,Braisillon,Fletchinder,Dartignis,Fletchinder,불화살빈,ヒノヤコマ
Passerouge,Passerouge,Fletchling,Dartiri,Fletchling,화살꼬빈,ヤヤコマ
Mustéflott,Mustéflott,Floatzel,Bojelin,Floatzel,플로젤,フローゼル
Floette,Floette,Floette,Floette,Floette,플라엣테,フラエッテ
Floette,Floette,Floette,Floette,Floette,플라엣테,フラエッテ
Floette,Floette,Floette,Floette,Floette,플라엣테,フラエッテ
Floette,Floette,Floette,Floette,Floette,플라엣테,フラエッテ
Floette,Floette,Floette,Floette,Floette,플라엣테,フラエッテ
Floette,Floette,Floette,Floette,Floette,플라엣테,フラエッテ
Florges,Florges,Florges,Florges,Florges,플라제스,フラージェス
Florges,Florges,Florges,Florges,Florges,플라제스,フラージェス
Florges,Florges,Florges,Florges,Florges,플라제스,フラージェス
Florges,Florges,Florges,Florges,Florges,플라제스,フラージェス
Florges,Florges,Florges,Florges,Florges,플라제스,フラージェス
Libégon,Libégon,Flygon,Libelldra,Flygon,플라이곤,フライゴン
Follesprit,Follesprit,Follesprit,Follesprit,Follesprit,랜턴,ランターン
Mimantis,Mimantis,Fomantis,Imantis,Fomantis,짜랑랑,カリキリ
Foodelik,Foodelik,Foodelik,Foodelik,Foodelik,윤겔라,ユンゲラー
Trompignon,Trompignon,Foongus,Tarnpignon,Foongus,깜놀버슬,タマゲタケ
Formin,Formin,Formin,Samurzel,Formin,도토링,タネボー
Forouvrié,Forouvrié,Forouvrie,Forouvrie,Forouvrie,전룡,デンリュウ
Forouvrié,Forouvrié,Forouvrie,Forouvrie,Forouvrie,전룡,デンリュウ
Forouvrié,Forouvrié,Forouvrie,Forouvrie,Forouvrie,전룡,デンリュウ
Forouvrié,Forouvrié,Forouvrie,Forouvrie,Forouvrie,전룡,デンリュウ
Fouinours,Fouinours,Fouinours,Fouinours,Fouinours,링곰,リングマ
Frainy,Frainy,Frainy,Knofensa,Frainy,모다피,マダツボミ
Fraisyste,Fraisyste,Fraisyste,Ultrigaria,Fraisyste,우츠동,ウツドン
Framboala,Framboala,Framboala,Piepi,Framboala,삐삐,ピッピ
Incisache,Incisache,Fraxure,Sharfax,Fraxure,액슨도,オノンド
Viskuse,Viskuse,Frillish,Quabbel,Frillish,탱그릴,プルリル
Grenousse,Grenousse,Froakie,Froxy,Froakie,개구마르,ケロマツ
Croâporal,Croâporal,Frogadier,Amphizel,Frogadier,개굴반장,ゲコガシラ
Couafarel,Couafarel,Furfrou,Coiffwaff,Furfrou,트리미앙,トリミアン
Couafarel,Couafarel,Furfrou,Coiffwaff,Furfrou,트리미앙,トリミアン
Couafarel,Couafarel,Furfrou,Coiffwaff,Furfrou,트리미앙,トリミアン
Couafarel,Couafarel,Furfrou,Coiffwaff,Furfrou,트리미앙,トリミアン
Couafarel,Couafarel,Furfrou,Coiffwaff,Furfrou,트리미앙,トリミアン
Couafarel,Couafarel,Furfrou,Coiffwaff,Furfrou,트리미앙,トリミアン
Couafarel,Couafarel,Furfrou,Coiffwaff,Furfrou,트리미앙,トリミアン
Couafarel,Couafarel,Furfrou,Coiffwaff,Furfrou,트리미앙,トリミアン
Couafarel,Couafarel,Furfrou,Coiffwaff,Furfrou,트리미앙,トリミアン
Couafarel,Couafarel,Furfrou,Coiffwaff,Furfrou,트리미앙,トリミアン
Gabarombr,Gabarombr,Gabarombr,Tengulist,Gabarombr,다탱구,ダーテング
Carmache,Carmache,Gabite,Knarksel,Gabite,한바이트,ガバイト
Gallame,Gallame,Gallade,Galagladi,Gallade,엘레이드,エルレイド
Gallame,Gallame,Gallade,Galagladi,Gallade,엘레이드,エルレイド
Mygavolt,Mygavolt,Galvantula,Voltula,Galvantula,전툴라,デンチュラ
Miasmax,Miasmax,Garbodor,Deponitox,Garbodor,더스트나,ダストダス
Miasmax,Miasmax,Garbodor,Deponitox,Garbodor,더스트나,ダストダス
Miasmax,Miasmax,Garbodor,Deponitox,Garbodor,더스트나,ダストダス
Miasmax,Miasmax,Garbodor,Deponitox,Garbodor,더스트나,ダストダス
Carchacrok,Carchacrok,Garchomp,Knakrack,Garchomp,한카리아스,ガブリアス
Carchacrok,Carchacrok,Garchomp,Knakrack,Garchomp,한카리아스,ガブリアス
Gardamandre,Gardamandre,Gardamandre,Sandamer,Gardamandre,고지,サンドパン
Gardamandre,Gardamandre,Gardamandre,Sandamer,Gardamandre,고지,サンドパン
Gardevoir,Gardevoir,Gardevoir,Guardevoir,Gardevoir,가디안,サーナイト
Gardevoir,Gardevoir,Gardevoir,Guardevoir,Gardevoir,가디안,サーナイト
Banix,Garoar,Garoar,Elektek,Garoar,에레브,エレブー
Tritosor,Tritosor,Gastrodon,Gastrodon,Gastrodon,트리토돈,トリトドン
Tritosor,Tritosor,Gastrodon,Gastrodon,Gastrodon,트리토돈,トリトドン
Gelormi,Gelormi,Gelormi,Shnebedeck,Gelormi,눈쓰개,ユキカブリ
Genesect,Genesect,Genesect,Genesect,Genesect,게노세크트,ゲノセクト
Genesect,Genesect,Genesect,Genesect,Genesect,게노세크트,ゲノセクト
Genesect,Genesect,Genesect,Genesect,Genesect,게노세크트,ゲノセクト
Genesect,Genesect,Genesect,Genesect,Genesect,게노세크트,ゲノセクト
Genesect,Genesect,Genesect,Genesect,Genesect,게노세크트,ゲノセクト
Genesect,Genesect,Genesect,Genesect,Genesect,게노세크트,ゲノセクト
Genesect,Genesect,Genesect,Genesect,Genesect,게노세크트,ゲノセクト
Genesect,Genesect,Genesect,Genesect,Genesect,게노세크트,ゲノセクト
Genesect,Genesect,Genesect,Genesect,Genesect,게노세크트,ゲノセクト
Genesect,Genesect,Genesect,Genesect,Genesect,게노세크트,ゲノセクト
Gennaz,Gennaz,Gennaz,Georok,Gennaz,데구리,ゴローン
Gennaz,Gennaz,Gennaz,Georok,Gennaz,데구리,ゴローン
Gennaz,Gennaz,Gennaz,Georok,Gennaz,데구리,ゴローン
Gentlebot,Majorbot,Gentlebot,Klikdiklak,Gentlebot,기기기어르,ギギギアル
Gentlepierre,Gentlepierre,Gentlepierre,Mogelbaum,Gentlepierre,꼬지모,ウソッキー
Griknot,Griknot,Gible,Kaumalat,Gible,딥상어동,フカマル
Gigachrys,Gigachrys,Gigachrys,Machomei,Gigachrys,괴력몬,カイリキー
Gippyberry,Gippyberry,Gippy,Feelinara,Gippy,님피아,ニンフィア
Giratina,giratina,Giratina,Giratina,Giratina,기라티나,ギラティナ
Giratina,giratina,Giratina,Giratina,Giratina,기라티나,ギラティナ
Chaglam,Chaglam,Glameow,Charmian,Glameow,나옹마,ニャルマー
Scorplane,Scorplane,Gligar,Skorgla,Gligar,글라이거,グライガー
Scorvol,Scorvol,Gliscor,Skorgro,Gliscor,글라이온,グライオン
Gnomeuille,Gnomeuille,Gnomeuille,Gnomeuille,Gnomeuille,레디안,レディアン
Chevroum,Chevroum,Gogoat,Chevrumm,Gogoat,고고트,ゴーゴート
Grinrunhark,Grinrunhark,Golett,Golbit,Golett,골비람,ゴビット
Sarmuraï,Sarmuraï,Golisopod,Tectass,Golisopod,갑주무사,グソクムシャ
Runharkastoc,Runharkastoc,Golurk,Golgantes,Golurk,골루그,ゴルーグ
Muplodocus,Muplodocus,Goodra,Viscogon,Goodra,미끄래곤,ヌメルゴン
Mucuscule,Mucuscule,Goomy,Viscora,Goomy,미끄메라,ヌメラ
Rosabyss,Rosabyss,Gorebyss,Saganabyss,Gorebyss,분홍장이,サクラビス
Gorgorm,Gorgorm,Gorgorm,Digda,Gorgorm,디그다,ディグダ
Gorgorm,Gorgorm,Gorgorm,Digda,Gorgorm,디그다,ディグダ
Gorictus,Gorictus,Gorictus,Noktuska,Gorictus,밤선인,ノクタス
Gourmantaz,Gourmantaz,Gourmantaz,Parfinesse,Gourmantaz,프레프티르,フレフワン
Granbull,Granbull,Granbull,Granbull,Granbull,그랑블루,グランブル
Amphinobi,Amphinobi,Greninja,Quajutsu,Greninja,개굴닌자,ゲッコウガ
Amphinobi,Amphinobi,Greninja,Quajutsu,Greninja,개굴닌자,ゲッコウガ
Amphinobi,Amphinobi,Greninja,Quajutsu,Greninja,개굴닌자,ゲッコウガ
Boskara,Boskara,Grotle,Chelcarain,Grotle,수풀부기,ハヤシガメ
Groudon,Groudon,Groudon,Groudon,Groudon,그란돈,グラードン
Groudon,Groudon,Groudon,Groudon,Groudon,그란돈,グラードン
Massko,Massko,Grovyle,Reptain,Grovyle,나무돌이,ジュプトル
Larvibule,Larvibule,Grubbin,Mabula,Grubbin,턱지충이,アゴジムシ
Groret,Groret,Grumpig,Groink,Grumpig,피그킹,ブーピッグ
Gloupti,Gloupti,Gulpin,Schluppuck,Gulpin,꼴깍몬,ゴクリン
Argouste,Argouste,Gumshoos,Manguspektor,Gumshoos,형사구스,デカグース
Argouste,Argouste,Gumshoos,Manguspektor,Gumshoos,형사구스,デカグース
Engloutyran,Engloutyran,Guzzlord,Schlingking,Guzzlord,악식킹,アクジキング
Écaïd,Écaïd,Hakamo-o,Mediras,Hakamo-o,짜랑고우,ジャランゴ
Ptiravi,Ptiravi,Happiny,Wonneira,Happiny,핑복,ピンプク
Brutalibré,Brutalibré,Hawlucha,Resladero,Hawlucha,루차불,ルチャブル
Tranchodon,Tranchodon,Haxorus,Maxax,Haxorus,액스라이즈,オノノクス
Aflamanoir,Aflamanoir,Heatmor,Furnifraß,Heatmor,앤티골,クイタラン
Heatran,Heatran,Heatran,Heatran,Heatran,히드런,ヒードラン
Iguolta,Iguolta,Heliolisk,Elezard,Heliolisk,일레도리자드,エレザード
Galvaran,Galvaran,Helioptile,Eguana,Helioptile,목도리키텔,エリキテル
Scarhino,Scarhino,Heracross,Skaraborn,Heracross,헤라크로스,ヘラクロス
Scarhino,Scarhino,Heracross,Skaraborn,Heracross,헤라크로스,ヘラクロス
Hermimite,Hermimite,Hermimite,Nasgnet,Hermimite,코코파스,ノズパス
Hiboubou,Hiboubou,Hibours,Mauzi,Hibours,나옹,ニャース
Hiboubou,Hiboubou,Hibours,Mauzi,Hibours,나옹,ニャース
Hippopotas,Hippopotas,Hippopotas,Hippopotas,Hippopotas,히포포타스,ヒポポタス
Hippodocus,Hippodocus,Hippowdon,Hippoterus,Hippowdon,하마돈,カバルドン
Hiverdam,Hiverdam,Hiverdam,Rossana,Hiverdam,루주라,ルージュラ
Holotap,Holobonk,Holotap,Holotap,Holotap,메가자리,メガヤンマ
Corboss,Corboss,Honchkrow,Kramshef,Honchkrow,돈크로우,ドンカラス
Hoopa,Hoopa,Hoopa,Hoopa,Hoopa,후파,フーパ
Hoopa,Hoopa,Hoopa,Hoopa,Hoopa,후파,フーパ
Démolosse,Démolosse,Houndoom,Hundemon,Houndoom,헬가,ヘルガー
Démolosse,Démolosse,Houndoom,Hundemon,Houndoom,헬가,ヘルガー
Démolosse,Démolosse,Houndoom,Hundemon,Houndoom,헬가,ヘルガー
Malosse,Malosse,Houndour,Hunduster,Houndour,델빌,デルビル
Ho-Oh,Ho-Oh,Ho-Oh,Ho-Oh,Ho-Oh,칠색조,ホウオウ
Serpang,Serpang,Huntail,Aalabyss,Huntail,헌테일,ハンテール
Frison,Hurautomne,Hurautomne,Bisofank,Hurautomne,버프론,バッフロン
Hurlalanche,Hurlalanche,Hurlalanche,Rihorn,Hurlalanche,뿔카노,サイホーン
Hybraero,Hybraero,Hybraero,Bibor,Hybraero,독침붕,スピアー
Hybraero,Hybraero,Hybraero,Bibor,Hybraero,독침붕,スピアー
Hydrozaure,Hydrozaure,Hydrozaure,Schiggy,Hydrozaure,꼬부기,ゼニガメ
Lumivole,Lumivole,Illumise,Illumise,Illumise,네오비트,イルミーゼ
Félinferno,Félinferno,Incineroar,Fuegro,Incineroar,어흥염,ガオガエン
Simipeionz,Simipeionz,Infernape,Panferno,Infernape,초염몽,ゴウカザル
Sepiatop,Sepiatop,Inkay,Iscalar,Inkay,오케이징,マーイーカ
Insy,Insy,Insy,Gehweiher,Insy,비구술,アメタマ
Irodonna,Irodonna,Irodonna,Duokles,Irodonna,쌍검킬,ニダンギル
Bébécaille,Bébécaille,Jangmo-o,Miniras,Jangmo-o,짜랑꼬,ジャラコ
Moyade,Moyade,Jellicent,Apoquallyp,Jellicent,탱탱겔,ブルンゲル
Jirachi,Jirachi,Jirachi,Jirachi,Jirachi,지라치,ジラーチ
Jirachi,Jirachi,Jirachi,Jirachi,Jirachi,지라치,ジラーチ
Jirachi,Jirachi,Jirachi,Jirachi,Jirachi,지라치,ジラーチ
Jirachi,Jirachi,Jirachi,Jirachi,Jirachi,지라치,ジラーチ
Jivrai,Jivrai,Jivrai,Rexblisar,Jivrai,눈설왕,ユキノオー
Jivrai,Jivrai,Jivrai,Rexblisar,Jivrai,눈설왕,ユキノオー
Jivrai,Jivrai,Jivrai,Rexblisar,Jivrai,눈설왕,ユキノオー
Jokaimant,Jokaimant,Jokaimant,Jokaimant,Jokaimant,레어코일,レアコイル
Statitik,Statitik,Joltik,Wattzapf,Joltik,파쪼옥,バチュル
Foodelik,Foodelik,Foodelik,Foodelik,Foodelik,윤겔라,ユンゲラー
Kangastic,Kangastic,Kangastic,Yorkleff,Kangastic,요테리,ヨーテリー
Kangorigène,Kangorigène,Kangorigene,Terribark,Kangorigene,하데리어,ハーデリア
Kanifien,Kanifien,Kanifien,Zigzachs,Kanifien,지그제구리,ジグザグマ
Kapadépé,Kapadépé,Kapadepe,Kapadepe,Kapadepe,토게틱,トゲチック
Kapupillon,Kapupillon,Kapupillon,Knuddeluff,Kapupillon,푸크린,プクリン
Carabing,Carabing,Karrablast,Laukaps,Karrablast,딱정곤,カブルモ
Katagami,kartana,Kartana,Katagami,Kartana,종이신도,カミツルギ
Kecleon,Kecleon,Kecleon,Kecleon,Kecleon,켈리몬,カクレオン
Keldeo,Keldeo,Keldeo,Keldeo,Keldeo,케르디오,ケルディオ
Keldeo,Keldeo,Keldeo,Keldeo,Keldeo,케르디오,ケルディオ
Hyporoi,Hyporoi,Kingdra,Seedraking,Kingdra,킹드라,キングドラ
Kirlia,Kirlia,Kirlia,Kirlia,Kirlia,킬리아,キルリア
Trousselin,Trousselin,Klefki,Clavion,Klefki,클레피,クレッフィ
Gentlebot,Majorbot,Gentlebot,Klikdiklak,Gentlebot,기기기어르,ギギギアル
Dodoala,Dodoala,Komala,Koalelu,Komala,자말라,ネッコアラ
Ékaïser,Ékaïser,Kommo-o,Grandiras,Kommo-o,짜랑고우거,ジャラランガ
Ékaïser,Ékaïser,Kommo-o,Grandiras,Kommo-o,짜랑고우거,ジャラランガ
Kookabourrin,Kookabourrin,Kookabourrin,Schwalboss,Kookabourrin,스왈로,オオスバメ
Kookharism,Kookharism,Kookharism,Schwalbini,Kookharism,테일로,スバメ
Crikzik,Crikzik,Kricketot,Zirpurze,Kricketot,귀뚤뚜기,コロボーシ
Mélokrik,Mélokrik,Kricketune,Zirpeise,Kricketune,귀뚤톡크,コロトック
Escroco,Escroco,Krokorok,Rokkaiman,Krokorok,악비르,ワルビル
Crocorible,Crocorible,Krookodile,Rabigator,Krookodile,악비아르,ワルビアル
Kyogre,Kyogre,Kyogre,Kyogre,Kyogre,가이오가,カイオーガ
Kyogre,Kyogre,Kyogre,Kyogre,Kyogre,가이오가,カイオーガ
Kyurem,Kyurem,Kyurem,Kyurem,Kyurem,큐레무,キュレム
Kyurem,Kyurem,Kyurem,Kyurem,Kyurem,큐레무,キュレム
Kyurem,Kyurem,Kyurem,Kyurem,Kyurem,큐레무,キュレム
Galegon,Galegon,Lairon,Stollrak,Lairon,갱도라,コドラ
Lançgourou,Lançgourou,Lancgourou,Bissbark,Lancgourou,바랜드,ムーランド
Démétéros,Démétéros,Landorus,Demeteros,Landorus,랜드로스,ランドロス
Démétéros,Démétéros,Landorus,Demeteros,Landorus,랜드로스,ランドロス
Pyronille,Pyronille,Larvesta,Ignivor,Larvesta,활화르바,メラルバ
Latias,Latias,Latias,Latias,Latias,라티아스,ラティアス
Latias,Latias,Latias,Latias,Latias,라티아스,ラティアス
Latios,Latios,Latios,Latios,Latios,라티오스,ラティオス
Latios,Latios,Latios,Latios,Latios,라티오스,ラティオス
Latios,Latios,Latios,Latios,Latios,라티오스,ラティオス
Lavoskour,Lavoskour,Lavoskour,Ibitak,Lavoskour,깨비드릴조,オニドリル
Phyllali,Phyllali,Leafeon,Folipurba,Leafeon,리피아,リーフィア
Manternel,Manternel,Leavanny,Matrifol,Leavanny,모아머,ハハコモリ
Coudlangue,Coudlangue,Lickilicky,Schlurplek,Lickilicky,내룸벨트,ベロベルト
Léopardus,Léopardus,Liepard,Kleoparda,Liepard,레파르다스,レパルダス
Lilia,Lilia,Lileep,Liliep,Lileep,릴링,リリーラ
Fragilady,Fragilady,Lilligant,Dressella,Lilligant,드레디어,ドレディア
Limamillon,Limamillon,Limamillon,Pummeluff,Limamillon,푸린,プリン
Linfé,Linfé,Linfe,Linfe,Linfe,레디바,レディバ
Hélionceau,Hélionceau,Litleo,Leufeo,Litleo,레오꼬,シシコ
Hélionceau,Hélionceau,Litleo,Leufeo,Litleo,레오꼬,シシコ
Flamiaou,Flamiaou,Litten,Flamiau,Litten,냐오불,ニャビー
Lombre,Lombre,Lombre,Lombrero,Lombre,로토스,ハスブレロ
Lockpin,Lockpin,Lopunny,Schlapor,Lopunny,이어롭,ミミロップ
Lockpin,Lockpin,Lopunny,Schlapor,Lopunny,이어롭,ミミロップ
Nénupiot,Nénupiot,Lotad,Loturzel,Lotad,연꽃몬,ハスボー
Ramboum,Ramboum,Loudred,Krakeelo,Loudred,노공룡,ドゴーム
Lucario,Lucario,Lucario,Lucario,Lucario,루카리오,ルカリオ
Lucario,Lucario,Lucario,Lucario,Lucario,루카리오,ルカリオ
Ludicolo,Ludicolo,Ludicolo,Kappalores,Ludicolo,로파파,ルンパッパ
Lugia,Lugia,Lugia,Lugia,Lugia,루기아,ルギア
Luminéon,Luminéon,Lumineon,Lumineon,Lumineon,네오라이트,ネオラント
Lunadae,Lunadae,Lunadae,Meganie,Lunadae,메가니움,メガニウム
Séléroc,Séléroc,Lunatone,Lunastein,Lunatone,루나톤,ルナトーン
Floramantis,Floramantis,Lurantis,Mantidea,Lurantis,라란티스,ラランテス
Floramantis,Floramantis,Lurantis,Mantidea,Lurantis,라란티스,ラランテス
Lovdisc,Lovdisc,Luvdisc,Liebiskus,Luvdisc,사랑동이,ラブカス
Luxio,Luxio,Luxio,Luxio,Luxio,럭시오,ルクシオ
Luxray,Luxray,Luxray,Luxtra,Luxray,렌트라,レントラー
Lougaroc,Lougaroc,Lycanroc,Wolwerock,Lycanroc,루가루암,ルガルガン
Lougaroc,Lougaroc,Lycanroc,Wolwerock,Lycanroc,루가루암,ルガルガン
Lougaroc,Lougaroc,Lycanroc,Wolwerock,Lycanroc,루가루암,ルガルガン
Macaroala,Macaroala,Macaroala,Pixi,Macaroala,픽시,ピクシー
Mafiozo,Mafiozo,Mafiozo,Tauboga,Mafiozo,피죤,ピジョン
Magby,Magby,Magby,Magby,Magby,마그비,ブビィ
Volcaropod,Volcaropod,Magcargo,Magcargo,Magcargo,마그카르고,マグカルゴ
Magearna,Magearna,Magearna,Magearna,Magearna,마기아나,マギアナ
Magearna,Magearna,Magearna,Magearna,Magearna,마기아나,マギアナ
Maganon,Maganon,Magmortar,Magbrant,Magmortar,마그마번,ブーバーン
Magmouette,Magmouette,Magmouette,Habitak,Magmouette,깨비참,オニスズメ
Magnézone,Magnézone,Magnezone,Magnezone,Magnezone,자포코일,ジバコイル
Sepiatroce,Sepiatroce,Malamar,Calamanero,Malamar,칼라마네로,カラマネロ
Mammochon,Mammochon,Mamoswine,Mamutel,Mamoswine,맘모꾸리,マンムー
Manaphy,Manaphy,Manaphy,Manaphy,Manaphy,마나피,マナフィ
Manar,Manar,Manar,Voltilamm,Manar,메리프,メリープ
Vaututrice,Vaututrice,Mandibuzz,Grypheldis,Mandibuzz,버랜지나,バルジーナ
Avatarmi,Avatarmi,Manectric,Voltenso,Manectric,썬더볼트,ライボルト
Avatarmi,Avatarmi,Manectric,Voltenso,Manectric,썬더볼트,ライボルト
Manquise,Manquise,Manquise,Meistagrif,Manquise,노보청,ローブシン
Démanta,Démanta,Mantine,Mantax,Mantine,만타인,マンタイン
Babimanta,Babimanta,Mantyke,Mantirps,Mantyke,타만타,タマンタ
Maquarter,Maquarter,Maquarter,Nockchan,Maquarter,홍수몬,エビワラー
Maracachi,Maracachi,Maractus,Maracamba,Maractus,마라카치,マラカッチ
Marbra,Marbra,Marbra,Gelatini,Marbra,바닐프티,バニプッチ
Marbramas,Marbramas,Marbramas,Gelatwino,Marbramas,배바닐라,バイバニラ
Vorastérie,Vorastérie,Mareanie,Garstella,Mareanie,시마사리,ヒドイデ
Vorastérie,Vorastérie,Mareanie,Garstella,Mareanie,시마사리,ヒドイデ
Vorastérie,Vorastérie,Mareanie,Garstella,Mareanie,시마사리,ヒドイデ
Marshadow,Marshadow,Marshadow,Marshadow,Marshadow,마샤도,マーシャドー
Flobio,Flobio,Marshtomp,Moorabbel,Marshtomp,늪짱이,ヌマクロー
Martolfa,Martolfa,Martolfa,Chillabell,Martolfa,치라치노,チラチーノ
Maskoon,Maskoon,Maskoon,Hypnomorba,Maskoon,고디보미,ゴチミル
Mauvaine,Mauvaine,Mauvaine,Mauvaine,Mauvaine,덩쿠리,モンジャラ
Mysdibule,Mysdibule,Mawile,Flunkifer,Mawile,입치트,クチート
Mysdibule,Mysdibule,Mawile,Flunkifer,Mawile,입치트,クチート
Charmina,Charmina,Medicham,Meditalis,Medicham,요가램,チャーレム
Charmina,Charmina,Medicham,Meditalis,Medicham,요가램,チャーレム
Méditikka,Méditikka,Meditite,Meditie,Meditite,요가랑,アサナン
Megamagla,Megamagla,Megamagla,Keifel,Megamagla,메꾸리,イノムー
Meloetta,Meloetta,Meloetta,Meloetta,Meloetta,메로엣타,メロエッタ
Meloetta,Meloetta,Meloetta,Meloetta,Meloetta,메로엣타,メロエッタ
Créfollet,Créfollet,Mesprit,Vesprit,Mesprit,엠라이트,エムリット
Métalosse,Métalosse,Metagross,Metagross,Metagross,메타그로스,メタグロス
Métalosse,Métalosse,Metagross,Metagross,Metagross,메타그로스,メタグロス
Métang,Métang,Metang,Metang,Metang,메탕구,メタング
Kungfouine,Kungfouine,Mienfoo,Lin-Fu,Mienfoo,비조푸,コジョフー
Shaofouine,Shaofouine,Mienshao,Wie-Shu,Mienshao,비조도,コジョンド
Milobellus,Milobellus,Milotic,Milotic,Milotic,밀로틱,ミロカロス
Écrémeuh,Écrémeuh,Miltank,Miltank,Miltank,밀탱크,ミルタンク
Miltap,Taptap,Miltap,Hornliu,Miltap,뿔충이,ビードル
Milzen,Milzen,Milzen,Maskeregen,Milzen,비나방,アメモース
Mime Jr.,Mime Jr.,Mime Jr.,Pantimimi,Mime Jr.,흉내내,マネネ
Météno,Météno,Minior,Meteno,Minior,메테노,メテノ
Météno,Météno,Minior,Meteno,Minior,메테노,メテノ
Météno,Météno,Minior,Meteno,Minior,메테노,メテノ
Météno,Météno,Minior,Meteno,Minior,메테노,メテノ
Météno,Météno,Minior,Meteno,Minior,메테노,メテノ
Météno,Météno,Minior,Meteno,Minior,메테노,メテノ
Météno,Météno,Minior,Meteno,Minior,메테노,メテノ
Météno,Météno,Minior,Meteno,Minior,메테노,メテノ
Météno,Météno,Minior,Meteno,Minior,메테노,メテノ
Météno,Météno,Minior,Meteno,Minior,메테노,メテノ
Météno,Météno,Minior,Meteno,Minior,메테노,メテノ
Météno,Météno,Minior,Meteno,Minior,메테노,メテノ
Météno,Météno,Minior,Meteno,Minior,메테노,メテノ
Météno,Météno,Minior,Meteno,Minior,메테노,メテノ
Météno,Météno,Minior,Meteno,Minior,메테노,メテノ
Négapi,Négapi,Minun,Minun,Minun,마이농,マイナン
Magirêve,Magirêve,Mismagius,Traunmagil,Mismagius,무우마직,ムウマージ
Chimpenfeu,Chimpenfeu,Monferno,Panpyro,Monferno,파이숭이,モウカザル
Monkart,Monkart,Monkart,Praktibalk,Monkart,으랏차,ドッコラー
Monklace,Monklace,Monklace,Strepoli,Monklace,토쇠골,ドテッコツ
Spododo,Spododo,Morelull,Bubungus,Morelull,자마슈,ネマシュ
Papilord,Papilord,Mothim,Moterpel,Mothim,나메일,ガーメイル
Tiboudet,Tiboudet,Mudbray,Pampuli,Mudbray,머드나기,ドロバンコ
Gobou,Gobou,Mudkip,Hydropi,Mudkip,물짱이,ミズゴロウ
Bourrinos,Bourrinos,Mudsdale,Pampross,Mudsdale,만마드,バンバドロ
Goinfrex,Goinfrex,Munchlax,Mampfaxo,Munchlax,먹고자,ゴンベ
Munna,Munna,Munna,Somniam,Munna,몽나,ムンナ
Mushana,Mushana,Musharna,Somnivora,Musharna,몽얌나,ムシャーナ
Mushana,Mushana,Musharna,Somnivora,Musharna,몽얌나,ムシャーナ
Necrozma,Necrozma,Necrozma,Necrozma,Necrozma,네크로즈마,ネクロズマ
Necrozma,Necrozma,Necrozma,Necrozma,Necrozma,네크로즈마,ネクロズマ
Necrozma,Necrozma,Necrozma,Necrozma,Necrozma,네크로즈마,ネクロズマ
Necrozma,Necrozma,Necrozma,Necrozma,Necrozma,네크로즈마,ネクロズマ
Nganguy,Nganguy,Nganguy,Walraisa,Nganguy,씨카이저,トドゼルガ
Zéroïd,Zéroïd,Nihilego,Anego,Nihilego,텅비드,ウツロイド
Ningale,Ningale,Nincada,Nincada,Nincada,토중몬,ツチニン
Ninjask,Ninjask,Ninjask,Ninjask,Ninjask,아이스크,テッカニン
Sonistrelle,Sonistrelle,Noibat,eF-eM,Noibat,음뱃,オンバット
Bruyverne,Bruyverne,Noivern,UHaFnir,Noivern,음번,オンバーン
Nucloom,Nucloom,Nucloom,Amfira,Nucloom,염뉴트,エンニュート
Nucloom,Nucloom,Nucloom,Amfira,Nucloom,염뉴트,エンニュート
Nudox,Nudox,Nudox,Nudox,Nudox,마그마,ブーバー
Chamallot,Chamallot,Numel,Camaub,Numel,둔타,ドンメル
Nurympher,Nurympher,Nurympher,Gramokles,Nurympher,단칼빙,ヒトツキ
Octotap,Octotap,Octotap,Octotap,Octotap,왕자리,ヤンヤンマ
Qualcox,Qualcox,Oddish,Myrapla,Oddish,뚜벅쵸,ナゾノクサ
Gouroutan,Gouroutan,Oranguru,Kommandutan,Oranguru,하랑우탄,ヤレユータン
Plumeline,Plumeline,Oricorio,Choreogel,Oricorio,춤추새,オドリドリ
Plumeline,Plumeline,Oricorio,Choreogel,Oricorio,춤추새,オドリドリ
Plumeline,Plumeline,Oricorio,Choreogel,Oricorio,춤추새,オドリドリ
Plumeline,Plumeline,Oricorio,Choreogel,Oricorio,춤추새,オドリドリ
Plumeline,Plumeline,Oricorio,Choreogel,Oricorio,춤추새,オドリドリ
Plumeline,Plumeline,Oricorio,Choreogel,Oricorio,춤추새,オドリドリ
Plumeline,Plumeline,Oricorio,Choreogel,Oricorio,춤추새,オドリドリ
Chartor,Orko,Orko,Qurtel,Orko,코터스,コータス
Royink,Ornybreak,Ornybreak,Kapoera,Ornybreak,카포에라,カポエラー
Moustillon,Moustillon,Oshawott,Ottaro,Oshawott,수댕이,ミジュマル
Pachirisu,Pachirisu,Pachirisu,Pachirisu,Pachirisu,파치리스,パチリス
Pakap,Pakap,Pakap,Pakap,Pakap,토게피,トゲピー
Palkia,Palkia,Palkia,Palkia,Palkia,펄기아,パルキア
Trépassable,Trépassable,Palossand,Colossand,Palossand,모래성이당,シロデスナ
Trépassable,Trépassable,Palossand,Colossand,Palossand,모래성이당,シロデスナ
Batracné,Batracné,Palpitoad,Mebrana,Palpitoad,두까비,ガマガル
Pandespiègle,Pandespiègle,Pancham,Pam-Pam,Pancham,판짱,ヤンチャム
Pandoux,Pandoux,Pandoux,Fukano,Pandoux,가디,ガーディ
Pandarbare,Pandarbare,Pangoro,Pandagro,Pangoro,부란다,ゴロンダ
Panléon,Panléon,Panleon,Fiffyen,Panleon,포챠나,ポチエナ
Flotajou,Flotajou,Panpour,Sodamak,Panpour,앗차프,ヒヤップ
Feuillajou,Feuillajou,Pansage,Vegimak,Pansage,야나프,ヤナップ
Flamajou,Flamajou,Pansear,Grillmak,Pansear,바오프,バオップ
Quartermac,Quartermac,Passimian,Quartermak,Passimian,내던숭이,ナゲツケサル
Ratentif,Ratentif,Patrat,Nagelotz,Patrat,보르쥐,ミネズミ
Tarenbulle,Patronmi,Patronmi,Aranestro,Patronmi,깨비물거미,オニシズクモ
Tarenbulle,Patronmi,Patronmi,Aranestro,Patronmi,깨비물거미,オニシズクモ
Scalpion,Scalpion,Pawniard,Gladiantri,Pawniard,자망칼,コマタナ
Peyon,Peion,Peion,Peion,Peion,캐이시,ケーシィ
Bekipan,Bekipan,Pelipper,Pelipper,Pelipper,패리퍼,ペリッパー
Perçaj,Perçaj,Percaj,Waaty,Percaj,보송송,モココ
Chlorobule,Chlorobule,Petilil,Lilminip,Petilil,치릴리,チュリネ
Petribilis ,Petribilis ,Petribilis,Brockoloss,Petribilis,기가이어스,ギガイアス
Phanpy,Phanpy,Phanpy,Phanpy,Phanpy,코코리,ゴマゾウ
Cancrelove,Cancrelove,Pheromosa,Schabelle,Pheromosa,페로코체,フェローチェ
Phione,Phione,Phione,Phione,Phione,피오네,フィオネ
Pictik,Pictik,Pictik,Pictik,Pictik,아노딥스,アノプス
Poichigeon,Poichigeon,Pidove,Dusselgurr,Pidove,콩둘기,マメパト
Grotichon,Grotichon,Pignite,Ferkokel,Pignite,차오꿀,チャオブー
Picassaut,Picassaut,Pikipek,Peppeck,Pikipek,콕코구리,ツツケラ
Pingel,Pingel,Pingel,Schneppke,Pingel,눈꼬마,ユキワラシ
Tiplouf,Tiplouf,Piplup,Plinfa,Piplup,팽도리,ポッチャマ
Piskinus,Piskinus,Piskinus,Frosdedje,Piskinus,눈여아,ユキメノコ
Plancto,Plancto,Plancto,Quapsel,Plancto,발챙이,ニョロモ
Plumours,Plumours,Plumours,Snobilikat,Plumours,페르시온,ペルシアン
Plumours,Plumours,Plumours,Snobilikat,Plumours,페르시온,ペルシアン
Posipi,Posipi,Plusle,Plusle,Plusle,플러시,プラスル
Poisscarnaj,Poisscarnaj,Poisscarnaj,Maschock,Poisscarnaj,근육몬,ゴーリキー
Polake,Polake,Polake,Polake,Polake,깜지곰,ヒメグマ
Otaquin,Otaquin,Popplio,Robball,Popplio,누리공,アシマリ
Porygon2,Porygon2,Porygon2,Porygon2,Porygon2,폴리곤2,ポリゴン２
Porygon-Z,Porygon-Z,Porygon-Z,Porygon-Z,Porygon-Z,폴리곤Z,ポリゴンＺ
Posette,Posette,Posette,Nebulak,Posette,고오스,ゴース
Prêzard,Prêzard,Prezard,Duodino,Prezard,디헤드,ジヘッド
Oratoria,Oratoria,Primarina,Primarene,Primarina,누리레느,アシレーヌ
Prinplouf,Prinplouf,Prinplup,Pliprin,Prinplup,팽태자,ポッタイシ
Printhana,Printhana,Printhana,Printhana,Printhana,제르네아스,ゼルネアス
Fermite,Prolémi,Prolemi,Fermicula,Prolemi,아이앤트,アイアント
Pitrouille,Pitrouille,Pumpkaboo,Irrbis,Pumpkaboo,호바귀,バケッチャ
Pitrouille,Pitrouille,Pumpkaboo,Irrbis,Pumpkaboo,호바귀,バケッチャ
Pitrouille,Pitrouille,Pumpkaboo,Irrbis,Pumpkaboo,호바귀,バケッチャ
Pitrouille,Pitrouille,Pumpkaboo,Irrbis,Pumpkaboo,호바귀,バケッチャ
Pitrouille,Pitrouille,Pumpkaboo,Irrbis,Pumpkaboo,호바귀,バケッチャ
Chacripan,Chacripan,Purrloin,Felilou,Purrloin,쌔비냥,チョロネコ
Chaffreux,Chaffreux,Purugly,Shnurgarst,Purugly,몬냥이,ブニャット
Némélios,Némélios,Pyroar,Pyroleo,Pyroar,화염레오,カエンジシ
Pyrowatt,Pyrowatt,Pyrowatt,Glumanda,Pyrowatt,파이리,ヒトカゲ
Concombaffe,Concombaffe,Pyukumuku,Gufa,Pyukumuku,해무기,ナマコブシ
Concombaffe,Concombaffe,Pyukumuku,Gufa,Pyukumuku,해무기,ナマコブシ
Coatox,Qualtox,Qualtox,Toxiquak,Qualtox,독개굴,ドクロッグ
Quokeridoo,Quokeridoo,Quokeridoo,Rasaff,Quokeridoo,성원숭,オコリザル
Qwilfish,Qwilfish,Qwilfish,Baldorfish,Qwilfish,침바루,ハリーセン
Raboutriz,Raboutriz,Raboutriz,Smogmog,Raboutriz,또도가스,マタドガス
Raikou,Raikou,Raikou,Raikou,Raikou,라이코,ライコウ
Tarsal,Tarsal,Ralts,Trasla,Ralts,랄토스,ラルトス
Charkos,Charkos,Rampardos,Rameidon,Rampardos,램펄드,ラムパルド
Rannaz,Rannaz,Rannaz,Kleinstein,Rannaz,꼬마돌,イシツブテ
Rannaz,Rannaz,Rannaz,Kleinstein,Rannaz,꼬마돌,イシツブテ
natu,Raporeur,natu,natu,natu,네이티,ネイティ
Récaille,Récaille,Recaille,Dragonir,Recaille,신뇽,ハクリュー
Regice,Regice,Regice,Regice,Regice,레지아이스,レジアイス
Regigigas,Regigigas,Regigigas,Regigigas,Regigigas,레지기가스,レジギガス
Regigigas,Regigigas,Regigigas,Regigigas,Regigigas,레지기가스,レジギガス
Regigigas,Regigigas,Regigigas,Regigigas,Regigigas,레지기가스,レジギガス
Regirock,Regirock,Regirock,Regirock,Regirock,레지락,レジロック
Registeel,Registeel,Registeel,Registeel,Registeel,레지스틸,レジスチル
Rejacid,Rejacid,Rejacid,Simsala,Rejacid,후딘,フーディン
Rejacid,Rejacid,Rejacid,Simsala,Rejacid,후딘,フーディン
Rejacid,Rejacid,Rejacid,Simsala,Rejacid,후딘,フーディン
Rejacid,Rejacid,Rejacid,Simsala,Rejacid,후딘,フーディン
Rejacid,Rejacid,Rejacid,Simsala,Rejacid,후딘,フーディン
Relaja,Relaja,Relaja,Paragoni,Relaja,나목령,ボクレー
Relicanth,Relicanth,Relicanth,Relicanth,Relicanth,시라칸,ジーランス
Requossment,Requossement,Requossement,Seemon,Requossement,시드라,シードラ
Reshiram,Reshiram,Reshiram,Reshiram,Reshiram,레시라무,レシラム
Symbios,Symbios,Reuniclus,Zytomega,Reuniclus,란쿨루스,ランクルス
Rhinastoc,Rhinastoc,Rhyperior,Rihornior,Rhyperior,거대코뿌리,ドサイドン
Rubombelle,Rubombelle,Ribombee,Bandelby,Ribombee,에리본,アブリボン
Rubombelle,Rubombelle,Ribombee,Bandelby,Ribombee,에리본,アブリボン
Riolu,Riolu,Riolu,Riolu,Riolu,리오르,リオル
Robarôme,Robarôme,Robarome,Giflor,Robarome,라플레시아,ラフレシア
Rocabot,Rocabot,Rockruff,Wuffels,Rockruff,암멍이,イワンコ
Rocabot,Rocabot,Rockruff,Wuffels,Rockruff,암멍이,イワンコ
Rocabot,Rocabot,Rockruff,Wuffels,Rockruff,암멍이,イワンコ
Rodeur-san,Rodeur-san,Rodeursan,Quappo,Rodeursan,강챙이,ニョロボン
Rosélia,Rosélia,Roselia,Roselia,Roselia,로젤리아,ロゼリア
Roserade,Roserade,Roserade,Roserade,Roserade,로즈레이드,ロズレイド
Motisma,Motisma,Rotom,Rotom,Rotom,로토무,ロトム
Motisma,Motisma,Rotom,Rotom,Rotom,로토무,ロトム
Motisma,Motisma,Rotom,Rotom,Rotom,로토무,ロトム
Motisma,Motisma,Rotom,Rotom,Rotom,로토무,ロトム
Motisma,Motisma,Rotom,Rotom,Rotom,로토무,ロトム
Motisma,Motisma,Rotom,Rotom,Rotom,로토무,ロトム
Roubot,Roubot,Roubot,Kliklak,Roubot,기기어르,ギギアル
Brindibou,Brindibou,Rowlet,Bauz,Rowlet,나몰빼미,モクロー
Royauzaure,Royauzaure,Royauzaure,Schillok,Royauzaure,어니부기,カメール
Furaiglon,Furaiglon,Rufflet,Geronimatz,Rufflet,수리둥보,ワシボン
Runhark,Runhark,Runhark,Geowaz,Runhark,딱구리,ゴローニャ
Runhark,Runhark,Runhark,Geowaz,Runhark,딱구리,ゴローニャ
Ténéfix,Ténéfix,Sableye,Zobiris,Sableye,깜까미,ヤミラミ
Ténéfix,Ténéfix,Sableye,Zobiris,Sableye,깜까미,ヤミラミ
Sabluscade,Sabluscade,Sabluscade,Sabluscade,Sabluscade,롱스톤,イワーク
Drattak,Drattak,Salamence,Brutalanda,Salamence,보만다,ボーマンダ
Drattak,Drattak,Salamence,Brutalanda,Salamence,보만다,ボーマンダ
Clamiral,Clamiral,Samurott,Admurai,Samurott,대검귀,ダイケンキ
Clamiral,Clamiral,Samurott,Admurai,Samurott,대검귀,ダイケンキ
Mascaïman,Mascaïman,Sandile,Ganovil,Sandile,깜눈크,メグロコ
Bacabouh,Bacabouh,Sandygast,Sankabuh,Sandygast,모래꿍,スナバァ
Satoon,Satoon,Satoon,Mollimorba,Satoon,고디탱,ゴチム
Karaclée,Karaclée,Sawk,Karadonis,Sawk,타격귀,ダゲキ
Haydaim,Haydaim,Sawsbuck,Kronjuwild,Sawsbuck,바라철록,メブキジカ
Haydaim,Haydaim,Sawsbuck,Kronjuwild,Sawsbuck,바라철록,メブキジカ
Haydaim,Haydaim,Sawsbuck,Kronjuwild,Sawsbuck,바라철록,メブキジカ
Haydaim,Haydaim,Sawsbuck,Kronjuwild,Sawsbuck,바라철록,メブキジカ
Scarabebe,Scarabebe,Scarabebe,Kiesling,Scarabebe,단굴,ダンゴロ
Scarpin,Scarpin,Scarpin,Knilz,Scarpin,버섯꼬,キノココ
Lépidonille,Lépidonille,Scatterbug,Purmel,Scatterbug,분이벌레,コフキムシ
Lépidonille,Lépidonille,Scatterbug,Purmel,Scatterbug,분이벌레,コフキムシ
Lépidonille,Lépidonille,Scatterbug,Purmel,Scatterbug,분이벌레,コフキムシ
Jungko,Jungko,Sceptile,Gewaldro,Sceptile,나무킹,ジュカイン
Jungko,Jungko,Sceptile,Gewaldro,Sceptile,나무킹,ジュカイン
Jungko,Jungko,Sceptile,Gewaldro,Sceptile,나무킹,ジュカイン
Cizayox,Cizayox,Scizor,Scherox,Scizor,핫삼,ハッサム
Cizayox,Cizayox,Scizor,Scherox,Scizor,핫삼,ハッサム
Brutapode,Brutapode,Scolipede,Cerapendra,Scolipede,펜드라,ペンドラー
Scorgon,Scorgon,Scorgon,Knacklion,Scorgon,톱치,ナックラー
Baggaïd,Baggaïd,Scrafty,Irokex,Scrafty,곤율거니,ズルズキン
Baggiguane,Baggiguane,Scraggy,Zurrokex,Scraggy,곤율랭,ズルッグ
Sculti,Sculti,Sculti,Lithomith,Sculti,돌살이,イシズマイ
Seagong,Seagong,Seagong,Kramurx,Seagong,니로우,ヤミカラス
Pyracage,Sealame,Sealame,Nachtara,Sealame,블래키,ブラッキー
Phogleur,Phogleur,Sealeo,Seejong,Sealeo,씨레오,トドグラー
Valanguy,Valanguy,Seel,Jurob,Seel,쥬쥬,パウワウ
Crapustule,Crapustule,Seismitoad,Branawarz,Seismitoad,두빅굴,ガマゲロゲ
Majaspic,Majaspic,Serperior,Serpiroyal,Serperior,샤로다,ジャローダ
Lianaja,Lianaja,Servine,Efoserp,Servine,샤비,ジャノビー
Séviper,Séviper,Seviper,Vipitis,Seviper,세비퍼,ハブネーク
Larveyette,Larveyette,Sewaddle,Strawickl,Sewaddle,두르보,クルミル
Sharpedo,Sharpedo,Sharpedo,Tohaido,Sharpedo,샤크니아,サメハダー
Sharpedo,Sharpedo,Sharpedo,Tohaido,Sharpedo,샤크니아,サメハダー
Shaymin,Shaymin,Shaymin,Shaymin,Shaymin,쉐이미,シェイミ
Shaymin,Shaymin,Shaymin,Shaymin,Shaymin,쉐이미,シェイミ
Shaymin,Shaymin,Shaymin,Shaymin,Shaymin,쉐이미,シェイミ
Munja,Munja,Shedinja,Ninjatom,Shedinja,껍질몬,ヌケニン
Drackhaus,Drackhaus,Shelgon,Draschel,Shelgon,쉘곤,コモルー
Sancoki,Sancoki,Shellos,Schalellos,Shellos,깝질무,カラナクシ
Sancoki,Sancoki,Shellos,Schalellos,Shellos,깝질무,カラナクシ
Escargaume,Escargaume,Shelmet,Schnuthelm,Shelmet,쪼마리,チョボマキ
Dinoclier,Dinoclier,Shieldon,Schilterus,Shieldon,방패톱스,タテトプス
Lampignon,Lampignon,Shiinotic,Lamellux,Shiinotic,마셰이드,マシェード
Shinollen,Shinollen,Shinollen,Trombork,Shinollen,대로트,オーロット
Lixy,Lixy,Shinx,Sheinux,Shinx,꼬링크,コリンク
Lixy,Lixy,Shinx,Sheinux,Shinx,꼬링크,コリンク
Caratroc,Caratroc,Shuckle,Pottrott,Shuckle,단단지,ツボツボ
Polichombr,Polichombr,Shuppet,Shuppet,Shuppet,어둠대신,カゲボウズ
Siamwaff,Siamwaff,Siamwaff,Geradaks,Siamwaff,직구리,マッスグマ
Cryptéro,Cryptéro,Sigilyph,Symvolara,Sigilyph,심보러,シンボラー
Silhom,Silhom,Silhom,Blanas,Silhom,잎새코,コノハナ
Silvallié,Silvallié,Silvally,Amigento,Silvally,실버디,シルヴァディ
Silvallié,Silvallié,Silvally,Amigento,Silvally,실버디,シルヴァディ
Silvallié,Silvallié,Silvally,Amigento,Silvally,실버디,シルヴァディ
Silvallié,Silvallié,Silvally,Amigento,Silvally,실버디,シルヴァディ
Silvallié,Silvallié,Silvally,Amigento,Silvally,실버디,シルヴァディ
Silvallié,Silvallié,Silvally,Amigento,Silvally,실버디,シルヴァディ
Silvallié,Silvallié,Silvally,Amigento,Silvally,실버디,シルヴァディ
Silvallié,Silvallié,Silvally,Amigento,Silvally,실버디,シルヴァディ
Silvallié,Silvallié,Silvally,Amigento,Silvally,실버디,シルヴァディ
Silvallié,Silvallié,Silvally,Amigento,Silvally,실버디,シルヴァディ
Silvallié,Silvallié,Silvally,Amigento,Silvally,실버디,シルヴァディ
Silvallié,Silvallié,Silvally,Amigento,Silvally,실버디,シルヴァディ
Silvallié,Silvallié,Silvally,Amigento,Silvally,실버디,シルヴァディ
Silvallié,Silvallié,Silvally,Amigento,Silvally,실버디,シルヴァディ
Silvallié,Silvallié,Silvally,Amigento,Silvally,실버디,シルヴァディ
Silvallié,Silvallié,Silvally,Amigento,Silvally,실버디,シルヴァディ
Silvallié,Silvallié,Silvally,Amigento,Silvally,실버디,シルヴァディ
Silvallié,Silvallié,Silvally,Amigento,Silvally,실버디,シルヴァディ
Silvallié,Silvallié,Silvally,Amigento,Silvally,실버디,シルヴァディ
Flotoutan,Flotoutan,Simipour,Sodachita,Simipour,앗차키,ヒヤッキー
Feuiloutan,Feuiloutan,Simisage,Vegichita,Simisage,야나키,ヤナッキー
Flamoutan,Flamoutan,Simisear,Grillchita,Simisear,바오키,バオッキー
Airmure,Airmure,Skarmory,Panzaeron,Skarmory,무장조,エアームド
Skeleau,Skeulo,Skeulo,Seeper,Skeulo,쏘드라,タッツー
Cabriolaine,Cabriolaine,Skiddo,Mähikel,Skiddo,메이클,メェークル
Skitty,Skitty,Skitty,Eneco,Skitty,에나비,エネコ
Rapion,Rapion,Skorupi,Pionskora,Skorupi,스콜피,スコルピ
Venalgue,Venalgue,Skrelp,Algitt,Skrelp,수레기,クズモー
Moufflair,Moufflair,Skuntank,Skuntank,Skuntank,스컹탱크,スカタンク
Monaflèmit,Monaflèmit,Slaking,Letarking,Slaking,게을킹,ケッキング
Parecool,Parecool,Slakoth,Bummelz,Slakoth,게을로,ナマケロ
Colimucus,Colimucus,Sliggoo,Viscargot,Sliggoo,미끄네일,ヌメイル
Slimtrap,Slimtrap,Slimtrap,Morlord,Slimtrap,누오,ヌオー
Slitik,Slitik,Slitik,Voltobal,Slitik,찌리리공,ビリリダマ
Limagma,Limagma,Slugma,Schneckmag,Slugma,마그마그,マグマッグ
Queulorior,Queulorior,Smeargle,Farbeagle,Smeargle,루브도,ドーブル
Lippouti,Lippouti,Smoochum,Kussilla,Smoochum,뽀뽀라,ムチュール
Vipélierre,Vipélierre,Snivy,Serpifeu,Snivy,주리비얀,ツタージャ
Snubbull,Snubbull,Snubbull,Snubbull,Snubbull,블루,ブルー
Solatyr,Solatyr,Solatyr,Solatyr,Solatyr,루나아라,ルナアーラ
Solavidé,Solavidé,Solavide,Lorblatt,Solavide,베이리프,ベイリーフ
Solépine,Solépine,Solepine,Tuska,Solepine,선인왕,サボネア
Nucléos,Nucléos,Solosis,Monozyto,Solosis,유니란,ユニラン
Solaroc,Solaroc,Solrock,Sonnfel,Solrock,솔록,ソルロック
Songeapin,Songeapin,Mewtwo,Songitatu,Mewtwo,뮤츠,ミュウツー
Songeapin,Songeapin,Mewtwo,Songitatu,Mewtwo,뮤츠,ミュウツー
Songeapin,Songeapin,Mewtwo,Songitatu,Mewtwo,뮤츠,ミュウツー
Songeapin,Songeapin,Mewtwo,Songitatu,Mewtwo,뮤츠,ミュウツー
Songeapin,Songeapin,Mewtwo,Songitatu,Mewtwo,뮤츠,ミュウツー
Songeapin,Songeapin,Mewtwo,Songitatu,Mewtwo,뮤츠,ミュウツー
Sonorette,Sonorette,Sonorette,Glutexo,Sonorette,리자드,リザード
Sourissono,Sourissono,Sourissono,Menki,Sourissono,망키,マンキー
Sourot,Jongbat,Sourot,Rattfratz,Sourot,꼬렛,コラッタ
Sourot,Jongbat,Sourot,Rattfratz,Sourot,꼬렛,コラッタ
Sourot,Jongbat,Sourot,Rattfratz,Sourot,꼬렛,コラッタ
Sourot,Jongbat,Sourot,Rattfratz,Sourot,꼬렛,コラッタ
Sourot,Jongbat,Sourot,Rattfratz,Sourot,꼬렛,コラッタ
Pérégrain,Pérégrain,Spewpa,Puponcho,Spewpa,분떠도리,コフーライ
Pérégrain,Pérégrain,Spewpa,Puponcho,Spewpa,분떠도리,コフーライ
Pérégrain,Pérégrain,Spewpa,Puponcho,Spewpa,분떠도리,コフーライ
Obalie,Obalie,Spheal,Seemops,Spheal,대굴레오,タマザラシ
Spinda,Spinda,Spinda,Pandir,Spinda,얼루기,パッチール
Spiritomb,Spiritomb,Spiritomb,Kryppuk,Spiritomb,화강돌,ミカルゲ
Spoink,Spoink,Spoink,Spoink,Spoink,피그점프,バネブー
Fluvetin,Fluvetin,Spritzee,Parfi,Spritzee,슈쁘,シュシュプ
Étouraptor,Étouraptor,Staraptor,Staraptor,Staraptor,찌르호크,ムクホーク
Étourvol,Étourvol,Staravia,Staravia,Staravia,찌르버드,ムクバード
Étourmi,Étourmi,Starly,Staralili,Starly,찌르꼬,ムックル
Steelix,Steelix,Steelix,Stahlos,Steelix,강철톤,ハガネール
Steelix,Steelix,Steelix,Stahlos,Steelix,강철톤,ハガネール
Candine,Candine,Steenee,Frubaila,Steenee,달무리나,アママイコ
Nounourson,Nounourson,Stufful,Velursi,Stufful,포곰곰,ヌイコグマ
Limonde,Limonde,Stunfisk,Flunschlik,Stunfisk,메더,マッギョ
Moufouette,Moufouette,Stunky,Skunkapuh,Stunky,스컹뿡,スカンプー
Sucrovin,Sucrovin,Sucrovin,Sabbaione,Sucrovin,나루림,ペロリーム
Suffog,Suffog,Suffog,Suffog,Suffog,팬텀,ゲンガー
Suffog,Suffog,Suffog,Suffog,Suffog,팬텀,ゲンガー
Suicune,Suicune,Suicune,Suicune,Suicune,스이쿤,スイクン
Tylton,Tylton,Swablu,Wablu,Swablu,파비코,チルット
Couverdure,Couverdure,Swadloon,Folikon,Swadloon,두르쿤,クルマユ
Avaltout,Avaltout,Swalot,Schlukwech,Swalot,꿀꺽몬,マルノーム
Laggron,Laggron,Swampert,Sumpex,Swampert,대짱이,ラグラージ
Laggron,Laggron,Swampert,Sumpex,Swampert,대짱이,ラグラージ
Lakmécygne,Lakmécygne,Swanna,Swaroness,Swanna,스완나,スワンナ
Rhinolove,Rhinolove,Swoobat,Fletiamo,Swoobat,맘박쥐,ココロモリ
Flambusard,Flambusard,Talonflame,Fiaro,Talonflame,파이어로,ファイアロー
Bouldeneu,Bouldeneu,Tangrowth,Tangoloss,Tangrowth,덩쿠림보,モジャンボ
Tokotoro,Tokotoro,Tapu Bulu,Kapu-Toro,Tapu Bulu,카푸브루루,カプ・ブルル
Tokopisco,Tokopisco,Tapu Fini,Kapu-Kime,Tapu Fini,카푸느지느,カプ・レヒレ
Tokorico,Tokorico,Tapu Koko,Kapu-Riki,Tapu Koko,카푸꼬꼬꼭,カプ・コケコ
Tokopiyon,Tokopiyon,Tapu Lele,Kapu-Fala,Tapu Lele,카푸나비나,カプ・テテフ
Tokopiyon,Tokopiyon,Tapu Lele,Kapu-Fala,Tapu Lele,카푸나비나,カプ・テテフ
Tokopiyon,Tokopiyon,Tapu Lele,Kapu-Fala,Tapu Lele,카푸나비나,カプ・テテフ
Tokopiyon,Tokopiyon,Tapu Lele,Kapu-Fala,Tapu Lele,카푸나비나,カプ・テテフ
Tokopiyon,Tokopiyon,Tapu Lele,Kapu-Fala,Tapu Lele,카푸나비나,カプ・テテフ
Tokopiyon,Tokopiyon,Tapu Lele,Kapu-Fala,Tapu Lele,카푸나비나,カプ・テテフ
Tokopiyon,Tokopiyon,Tapu Lele,Kapu-Fala,Tapu Lele,카푸나비나,カプ・テテフ
Taurouille,Taurouille,Taurouille,Lahmus,Taurouille,야도란,ヤドラン
Taurouille,Taurouille,Taurouille,Lahmus,Taurouille,야도란,ヤドラン
Taurouille,Taurouille,Taurouille,Lahmus,Taurouille,야도란,ヤドラン
Taxevade,Taxevade,Taxevade,Taxevade,Taxevade,조로아크,ゾロアーク
Rainatal,Rainatal,Tentacruel,Tentoxa,Tentacruel,독파리,ドククラゲ
Tentaj,Tentaj,Tentaj,Tentaj,Tentaj,니드리노,ニドリーノ
Tentassaut,Tentassaut,Tentassaut,Traumato,Tentassaut,슬리프,スリープ
Gruikui,Gruikui,Tepig,Floink,Tepig,뚜꾸리,ポカブ
Terrakium,Terrakium,Terrakion,Terrakium,Terrakion,테라키온,テラキオン
Judokrak,Judokrak,Throh,Jiutesto,Throh,던지미,ナゲキ
Fulguris,Fulguris,Thundurus,Voltolos,Thundurus,볼트로스,ボルトロス
Fulguris,Fulguris,Thundurus,Voltolos,Thundurus,볼트로스,ボルトロス
Carapagos,Carapagos,Tirtouga,Galapaflos,Tirtouga,프로토가,プロトーガ
Togedemaru,Togedemaru,Togedemaru,Togedemaru,Togedemaru,토게데마루,トゲデマル
Togedemaru,Togedemaru,Togedemaru,Togedemaru,Togedemaru,토게데마루,トゲデマル
Togekiss,Togekiss,Togekiss,Togekiss,Togekiss,토게키스,トゲキッス
Poussifeu,Poussifeu,Torchic,Flemmli,Torchic,아차모,アチャモ
Boréas,Boréas,Tornadus,Boreos,Tornadus,토네로스,トルネロス
Boréas,Boréas,Tornadus,Boreos,Tornadus,토네로스,トルネロス
Matoufeu,Matoufeu,Torracat,Miezunder,Torracat,냐오히트,ニャヒート
Tortail,Tortail,Tortail,Tortail,Tortail,아쿠스타,スターミー
Torterra,Torterra,Torterra,Chelterrar,Torterra,토대부기,ドダイトス
Totama,Totama,Totama,Totama,Totama,애버라스,ヨーギラス
Totesert,Totesert,Totesert,Despotar,Totesert,마기라스,バンギラス
Totesert,Totesert,Totesert,Despotar,Totesert,마기라스,バンギラス
Totesert,Totesert,Totesert,Despotar,Totesert,마기라스,バンギラス
Bazoucan,Bazoucan,Toucannon,Tukanon,Toucannon,왕큰부리,ドデカバシ
Prédastérie,Prédastérie,Toxapex,Aggrostella,Toxapex,더시마사리,ドヒドイデ
Trabduction,Trabduction,Trabduction,Alpollo,Trabduction,고우스트,ゴースト
Colombeau,Colombeau,Tranquill,Navitaub,Tranquill,유토브,ハトーボー
Arcko,Arcko,Treecko,Geckarbor,Treecko,나무지기,キモリ
Trépasseur,Trépasseur,Trepasseur,Kicklee,Trepasseur,시라소몬,サワムラー
Tropius,Tropius,Tropius,Tropius,Tropius,트로피우스,トロピウス
Miamiasme,Miamiasme,Trubbish,Unratütox,Trubbish,깨봉이,ヤブクロン
Piclairon,Piclairon,Trumbeak,Trompeck,Trumbeak,크라파,ケララッパ
Sucreine,Sucreine,Tsareena,Fruyal,Tsareena,달코퀸,アマージョ
Boumata,Boumata,Turtonator,Tortunator,Turtonator,폭거북스,バクガメス
Tortipouss,Tortipouss,Turtwig,Chelast,Turtwig,모부기,ナエトル
Tritonde,Tritonde,Tympole,Schallquap,Tympole,동챙이,オタマロ
Anchwatt,Anchwatt,Tynamo,Zapplardin,Tynamo,저리어,シビシラス
Type:0,Type:0,Tipo Zero,Typ:Null,Código Cero,타입:널,タイプ：ヌル
Rexillius,Rexillius,Tyrantrum,Monargoras,Tyrantrum,견고라스,ガチゴラス
OrKO,Orkao,Tyrogue,Rabauz,Tyrogue,배루키,バルキー
Ptyranidur,Ptyranidur,Tyrunt,Balgoras,Tyrunt,티고라스,チゴラス
Déflaisan,Déflaisan,Unfezant,Fasasnob,Unfezant,켄호로우,ケンホロウ
Usboa,Usboa,Usboa,Usboa,Usboa,라이츄,ライチュウ
Créhelf,Créhelf,Uxie,Selfe,Uxie,유크시,ユクシー
Vectime,Véctime,Vectime,Taubsi,Vectime,구구,ポッポ
Venipatte,Venipatte,Venipede,Toxiped,Venipede,마디네,フシデ
Venipik,Venipic,Farfetch’d,Porenta,Farfetch’d,파오리,カモネギ
Verosion,Verosion,Verosion,Austos,Verosion,파르셀,パルシェン
Vervu,Vervu,Vervu,Muschas,Vervu,셀러,シェルダー
Apireine,Apireine,Vespiquen,Honweisel,Vespiquen,비퀸,ビークイン
Victini,Victini,Victini,Victini,Victini,비크티니,ビクティニ
Vigoroth,Vigoroth,Vigoroth,Muntier,Vigoroth,발바로,ヤルキモノ
Lucanon,Lucanon,Vikavolt,Donarion,Vikavolt,투구뿌논,クワガノン
Lucanon,Lucanon,Vikavolt,Donarion,Vikavolt,투구뿌논,クワガノン
Vilearcane,Vilearcane,Vilearcane,Vileaek,Vilearcane,파라섹트,パラセクト
Vilearcane,Vilearcane,Vilearcane,Vileaek,Vilearcane,파라섹트,パラセクト
Viridium,Viridium,Virizion,Viridium,Virizion,비리디온,ビリジオン
Prismillon,Prismillon,Vivillon,Vivillon,Vivillon,비비용,ビビヨン
Prismillon,Prismillon,Vivillon,Vivillon,Vivillon,비비용,ビビヨン
Prismillon,Prismillon,Vivillon,Vivillon,Vivillon,비비용,ビビヨン
Prismillon,Prismillon,Vivillon,Vivillon,Vivillon,비비용,ビビヨン
Prismillon,Prismillon,Vivillon,Vivillon,Vivillon,비비용,ビビヨン
Prismillon,Prismillon,Vivillon,Vivillon,Vivillon,비비용,ビビヨン
Prismillon,Prismillon,Vivillon,Vivillon,Vivillon,비비용,ビビヨン
Prismillon,Prismillon,Vivillon,Vivillon,Vivillon,비비용,ビビヨン
Prismillon,Prismillon,Vivillon,Vivillon,Vivillon,비비용,ビビヨン
Prismillon,Prismillon,Vivillon,Vivillon,Vivillon,비비용,ビビヨン
Prismillon,Prismillon,Vivillon,Vivillon,Vivillon,비비용,ビビヨン
Prismillon,Prismillon,Vivillon,Vivillon,Vivillon,비비용,ビビヨン
Prismillon,Prismillon,Vivillon,Vivillon,Vivillon,비비용,ビビヨン
Prismillon,Prismillon,Vivillon,Vivillon,Vivillon,비비용,ビビヨン
Prismillon,Prismillon,Vivillon,Vivillon,Vivillon,비비용,ビビヨン
Prismillon,Prismillon,Vivillon,Vivillon,Vivillon,비비용,ビビヨン
Prismillon,Prismillon,Vivillon,Vivillon,Vivillon,비비용,ビビヨン
Prismillon,Prismillon,Vivillon,Vivillon,Vivillon,비비용,ビビヨン
Prismillon,Prismillon,Vivillon,Vivillon,Vivillon,비비용,ビビヨン
Prismillon,Prismillon,Vivillon,Vivillon,Vivillon,비비용,ビビヨン
Prismillon,Prismillon,Vivillon,Vivillon,Vivillon,비비용,ビビヨン
Prismillon,Prismillon,Vivillon,Vivillon,Vivillon,비비용,ビビヨン
Prismillon,Prismillon,Vivillon,Vivillon,Vivillon,비비용,ビビヨン
Prismillon,Prismillon,Vivillon,Vivillon,Vivillon,비비용,ビビヨン
Prismillon,Prismillon,Vivillon,Vivillon,Vivillon,비비용,ビビヨン
Voichou,Voichou,Voichou,Voichou,Voichou,미뇽,ミニリュウ
Muciole,Muciole,Volbeat,Volbeat,Volbeat,볼비트,バルビート
Volcanion,Volcanion,Volcanion,Volcanion,Volcanion,볼케니온,ボルケニオン
Volcanion,Volcanion,Volcanion,Volcanion,Volcanion,볼케니온,ボルケニオン
Pyrax,Pyrax,Volcarona,Ramoth,Volcarona,불카모스,ウルガモス
Vostourno,Vostourno,Vullaby,Skallyk,Vullaby,벌차이,バルチャイ
Wailmer,Wailmer,Wailmer,Wailmer,Wailmer,고래왕자,ホエルコ
Wailord,Wailord,Wailord,Wailord,Wailord,고래왕,ホエルオー
Miradar,Miradar,Watchog,Kukmarda,Watchog,보르그,ミルホッグ
Dimoret,Dimoret,Weavile,Snibunna,Weavile,포푸니라,マニューラ
Farfaduvet,Farfaduvet,Whimsicott,Elfun,Whimsicott,엘풍,エルフーン
Scobolide,Scobolide,Whirlipede,Rollum,Whirlipede,휠구,ホイーガ
Barbicha,Barbicha,Whiscash,Welsar,Whiscash,메깅,ナマズン
Chuchmur,Chuchmur,Whismur,Flurmel,Whismur,소곤룡,ゴニョニョ
Sovkipou,Sovkipou,Wimpod,Reißlaus,Wimpod,꼬시레,コソクムシ
Sovkipou,Sovkipou,Wimpod,Reißlaus,Wimpod,꼬시레,コソクムシ
Sovkipou,Sovkipou,Wimpod,Reißlaus,Wimpod,꼬시레,コソクムシ
Sovkipou,Sovkipou,Wimpod,Reißlaus,Wimpod,꼬시레,コソクムシ
Sovkipou,Sovkipou,Wimpod,Reißlaus,Wimpod,꼬시레,コソクムシ
Goélise,Goélise,Wingull,Wingull,Wingull,갈모매,キャモメ
Froussardine,Froussardine,Wishiwashi,Lusardin,Wishiwashi,약어리,ヨワシ
Froussardine,Froussardine,Wishiwashi,Lusardin,Wishiwashi,약어리,ヨワシ
Wombrat,Krustybat,Wombrat,Rattikarl,Wombrat,레트라,ラッタ
Wombrat,Krustybat,Wombrat,Rattikarl,Wombrat,레트라,ラッタ
Wombrat,Krustybat,Wombrat,Rattikarl,Wombrat,레트라,ラッタ
Chovsourir,Chovsourir,Woobat,Fleknoil,Woobat,또르박쥐,コロモリ
Cheniselle,Cheniselle,Wormadam,Burmadame,Wormadam,도롱마담,ミノマダム
Cheniselle,Cheniselle,Wormadam,Burmadame,Wormadam,도롱마담,ミノマダム
Cheniselle,Cheniselle,Wormadam,Burmadame,Wormadam,도롱마담,ミノマダム
Cheniselle,Cheniselle,Wormadam,Burmadame,Wormadam,도롱마담,ミノマダム
Okéoké,Okéoké,Wynaut,Isso,Wynaut,마자,ソーナノ
Wyvaurien,Wyvaurien,Wyvaurien,Dragoran,Wyvaurien,망나뇽,カイリュー
Câblifère,Câblifère,Xurkitree,Voltriant,Xurkitree,전수목,デンジュモク
Tutafeh,Tutafeh,Yamask,Makabaja,Yamask,데스마스,デスマス
Yamete,Yamete,Yamete,Tentacha,Yamete,왕눈해,メノクラゲ
Yaramagon,Yaramagon,Yaramagon,Yaramagon,Yaramagon,레쿠쟈,レックウザ
Yaramagon,Yaramagon,Yaramagon,Yaramagon,Yaramagon,레쿠쟈,レックウザ
Yaramagon,Yaramagon,Yaramagon,Yaramagon,Yaramagon,레쿠쟈,レックウザ
Yaramagon,Yaramagon,Yaramagon,Yaramagon,Yaramagon,레쿠쟈,レックウザ
Yggdracien,Yggdracien,Yggdracien,Entoron,Yggdracien,골덕,ゴルダック
Manglouton,Manglouton,Yungoos,Mangunior,Yungoos,영구스,ヤングース
Yveltal,Yveltal,Yveltal,Yveltal,Yveltal,이벨타르,イベルタル
Mangriff,Mangriff,Zangoose,Sengo,Zangoose,쟝고,ザングース
Zanitus,Zanitus,Zanitus,Endivie,Zanitus,치코리타,チコリータ
Zéblitz,Zéblitz,Zebstrika,Zebritz,Zebstrika,제브라이카,ゼブライカ
Zekrom,Zekrom,Zekrom,Zekrom,Zekrom,제크로무,ゼクロム
Zorua,Zorua,Zorua,Zorua,Zorua,조로아,ゾロア
Zygarde,Zygarde,Zygarde,Zygarde,Zygarde,지가르데,ジガルデ
Zygarde,Zygarde,Zygarde,Zygarde,Zygarde,지가르데,ジガルデ
Zygarde,Zygarde,Zygarde,Zygarde,Zygarde,지가르데,ジガルデ
Zygarde,Zygarde,Zygarde,Zygarde,Zygarde,지가르데,ジガルデ
Zygarde,Zygarde,Zygarde,Zygarde,Zygarde,지가르데,ジガルデ
Zygarde,Zygarde,Zygarde,Zygarde,Zygarde,지가르데,ジガルデ
